,0,1
0,2009-01-09 23:00:00,1.0652200634920637e-07
1,2009-01-12 23:00:00,1.7043521015e-06
2,2009-01-15 23:00:00,4.3176919906e-06
3,2009-01-18 23:00:00,5.5533472643e-06
4,2009-01-21 23:00:00,5.6811736719e-06
5,2009-01-24 23:00:00,5.610159001e-06
6,2009-01-27 23:00:00,6.1569719669e-06
7,2009-01-30 23:00:00,6.8032054721e-06
8,2009-02-02 23:00:00,5.8303044808e-06
9,2009-02-05 23:00:00,6.1995807695e-06
10,2009-02-08 23:00:00,6.3629145125e-06
11,2009-02-11 23:00:00,6.3629145125e-06
12,2009-02-14 23:00:00,6.4126247822e-06
13,2009-02-17 23:00:00,6.2279866378e-06
14,2009-02-20 23:00:00,6.1995807695e-06
15,2009-02-23 23:00:00,5.8587103492e-06
16,2009-02-26 23:00:00,5.5391443301e-06
17,2009-03-01 23:00:00,5.3403032516e-06
18,2009-03-04 23:00:00,5.2763900478e-06
19,2009-03-07 23:00:00,5.375810587e-06
20,2009-03-11 00:00:00,5.4752311263e-06
21,2009-03-14 00:00:00,5.5462457972e-06
22,2009-03-17 00:00:00,5.6953766061e-06
23,2009-03-20 00:00:00,5.8090000795e-06
24,2009-03-23 00:00:00,5.4468252579e-06
25,2009-03-26 00:00:00,5.4326223238e-06
26,2009-03-29 00:00:00,5.610159001e-06
27,2009-04-01 00:00:00,5.7379854086e-06
28,2009-04-04 00:00:00,5.7450868757e-06
29,2009-04-07 00:00:00,5.7521883428e-06
30,2009-04-10 00:00:00,5.4823325934e-06
31,2009-04-13 00:00:00,5.375810587e-06
32,2009-04-16 00:00:00,5.6314634023e-06
33,2009-04-19 00:00:00,5.8871162175e-06
34,2009-04-22 00:00:00,5.9013191517e-06
35,2009-04-25 00:00:00,5.6456663365e-06
36,2009-04-28 00:00:00,5.4894340605e-06
37,2009-05-01 00:00:00,5.8303044808e-06
38,2009-05-04 00:00:00,5.9439279542e-06
39,2009-05-07 00:00:00,6.2705954404e-06
40,2009-05-10 00:00:00,5.9581308884e-06
41,2009-05-13 00:00:00,5.532042863e-06
42,2009-05-16 00:00:00,5.610159001e-06
43,2009-05-19 00:00:00,6.2563925062e-06
44,2009-05-22 00:00:00,5.6740722048e-06
45,2009-05-25 00:00:00,4.2821846552e-06
46,2009-05-28 00:00:00,4.4384169312e-06
47,2009-05-31 00:00:00,5.3900135212e-06
48,2009-06-03 00:00:00,5.0988533705e-06
49,2009-06-06 00:00:00,4.0975465108e-06
50,2009-06-09 00:00:00,2.7198618954e-06
51,2009-06-12 00:00:00,3.0323264474e-06
52,2009-06-15 00:00:00,4.0975465108e-06
53,2009-06-18 00:00:00,3.9768215703e-06
54,2009-06-21 00:00:00,3.9342127678e-06
55,2009-06-24 00:00:00,3.9768215703e-06
56,2009-06-27 00:00:00,3.9981259716e-06
57,2009-06-30 00:00:00,3.8063863602e-06
58,2009-07-03 00:00:00,3.8560966298e-06
59,2009-07-06 00:00:00,4.0478362412e-06
60,2009-07-09 00:00:00,3.9555171691e-06
61,2009-07-12 00:00:00,3.9768215703e-06
62,2009-07-15 00:00:00,3.9058068994e-06
63,2009-07-18 00:00:00,3.4655159398e-06
64,2009-07-21 00:00:00,2.7127604283e-06
65,2009-07-24 00:00:00,2.8689927043e-06
66,2009-07-27 00:00:00,3.0181235132e-06
67,2009-07-30 00:00:00,2.4642090802e-06
68,2009-08-02 00:00:00,1.4344963521e-06
69,2009-08-05 00:00:00,1.3066699445e-06
70,2009-08-08 00:00:00,2.7482677638e-06
71,2009-08-11 00:00:00,4.1259523792e-06
72,2009-08-14 00:00:00,3.9200098336e-06
73,2009-08-17 00:00:00,2.9968191119e-06
74,2009-08-20 00:00:00,1.7469609041e-06
75,2009-08-23 00:00:00,8.095672482539633e-07
76,2009-08-26 00:00:00,9.800024584126937e-07
77,2009-08-29 00:00:00,1.5552212926e-06
78,2009-09-01 00:00:00,3.2524719271e-06
79,2009-09-04 00:00:00,3.8205892943e-06
80,2009-09-07 00:00:00,3.6004438146e-06
81,2009-09-10 00:00:00,3.323486598e-06
82,2009-09-13 00:00:00,3.3660954006e-06
83,2009-09-16 00:00:00,3.3021821968e-06
84,2009-09-19 00:00:00,3.5507335449e-06
85,2009-09-22 00:00:00,3.5649364791e-06
86,2009-09-25 00:00:00,3.1814572562e-06
87,2009-09-28 00:00:00,3.5507335449e-06
88,2009-10-01 00:00:00,4.424213997e-06
89,2009-10-04 00:00:00,4.0123289058e-06
90,2009-10-07 00:00:00,3.3021821968e-06
91,2009-10-10 00:00:00,2.9613117765e-06
92,2009-10-13 00:00:00,3.2524719271e-06
93,2009-10-16 00:00:00,3.4655159398e-06
94,2009-10-19 00:00:00,3.1104425853e-06
95,2009-10-22 00:00:00,3.9910245045e-06
96,2009-10-25 00:00:00,4.2963875894e-06
97,2009-10-28 00:00:00,3.7992848931e-06
98,2009-10-31 00:00:00,3.2240660588e-06
99,2009-11-02 23:00:00,2.4784120143e-06
100,2009-11-05 23:00:00,2.4997164156e-06
101,2009-11-08 23:00:00,2.9187029739e-06
102,2009-11-11 23:00:00,3.2950807297e-06
103,2009-11-14 23:00:00,3.5365306107e-06
104,2009-11-17 23:00:00,4.111749445e-06
105,2009-11-20 23:00:00,4.2892861223e-06
106,2009-11-23 23:00:00,4.2466773197e-06
107,2009-11-26 23:00:00,4.4029095957e-06
108,2009-11-29 23:00:00,4.0620391754e-06
109,2009-12-02 23:00:00,3.7424731564e-06
110,2009-12-05 23:00:00,3.4229071373e-06
111,2009-12-08 23:00:00,4.2750831881e-06
112,2009-12-11 23:00:00,4.9142152262e-06
113,2009-12-14 23:00:00,5.3545061858e-06
114,2009-12-17 23:00:00,5.922623553e-06
115,2009-12-20 23:00:00,7.8329182002e-06
116,2009-12-23 23:00:00,9.00466027e-06
117,2009-12-26 23:00:00,8.1169768838e-06
118,2009-12-29 23:00:00,7.8116137989e-06
119,2010-01-01 23:00:00,8.0440611649e-06
120,2010-01-04 23:00:00,8.7921330819e-06
121,2010-01-07 23:00:00,9.467163022e-06
122,2010-01-10 23:00:00,1.01139878248e-05
123,2010-01-13 23:00:00,9.7398436071e-06
124,2010-01-16 23:00:00,9.8675386741e-06
125,2010-01-19 23:00:00,8.8786058351e-06
126,2010-01-22 23:00:00,9.0268915276e-06
127,2010-01-25 23:00:00,1.01213484382e-05
128,2010-01-28 23:00:00,1.13406705674e-05
129,2010-01-31 23:00:00,1.27343231681e-05
130,2010-02-03 23:00:00,1.25624957191e-05
131,2010-02-06 23:00:00,1.518648707e-05
132,2010-02-09 23:00:00,1.82535118009e-05
133,2010-02-12 23:00:00,1.73320276004e-05
134,2010-02-15 23:00:00,1.83410997852e-05
135,2010-02-18 23:00:00,2.27060833146e-05
136,2010-02-21 23:00:00,2.57771330357e-05
137,2010-02-24 23:00:00,2.93352419612e-05
138,2010-02-27 23:00:00,3.12106253506e-05
139,2010-03-02 23:00:00,3.28936020238e-05
140,2010-03-05 23:00:00,3.28130462638e-05
141,2010-03-08 23:00:00,3.2758596059e-05
142,2010-03-11 23:00:00,3.28890424018e-05
143,2010-03-15 00:00:00,3.15337813713e-05
144,2010-03-18 00:00:00,2.99249149748e-05
145,2010-03-21 00:00:00,3.18555546506e-05
146,2010-03-24 00:00:00,3.76755730451e-05
147,2010-03-27 00:00:00,4.24112555012e-05
148,2010-03-30 00:00:00,4.27935475017e-05
149,2010-04-02 00:00:00,4.61956912802e-05
150,2010-04-05 00:00:00,4.86871855914e-05
151,2010-04-08 00:00:00,5.06921497922e-05
152,2010-04-11 00:00:00,5.54026735154e-05
153,2010-04-14 00:00:00,6.63305456308e-05
154,2010-04-17 00:00:00,7.56770855822e-05
155,2010-04-20 00:00:00,8.13544254126e-05
156,2010-04-23 00:00:00,8.77124635859e-05
157,2010-04-26 00:00:00,8.80559516131e-05
158,2010-04-29 00:00:00,9.4276788303e-05
159,2010-05-02 00:00:00,9.43582017644e-05
160,2010-05-05 00:00:00,9.16474388369e-05
161,2010-05-08 00:00:00,9.10532490723e-05
162,2010-05-11 00:00:00,8.98793304881e-05
163,2010-05-14 00:00:00,8.43131993614e-05
164,2010-05-17 00:00:00,7.5279642287e-05
165,2010-05-20 00:00:00,8.44956954639e-05
166,2010-05-23 00:00:00,9.91217248497e-05
167,2010-05-26 00:00:00,0.0001140503915308
168,2010-05-29 00:00:00,0.0001209726118583
169,2010-06-01 00:00:00,0.00012975954946
170,2010-06-04 00:00:00,0.0001273558193348
171,2010-06-07 00:00:00,0.0001177838011399
172,2010-06-10 00:00:00,0.0001246289519075
173,2010-06-13 00:00:00,0.00013044555393
174,2010-06-16 00:00:00,0.0001383942676078
175,2010-06-19 00:00:00,0.0001338025276842
176,2010-06-22 00:00:00,0.0001391101925277
177,2010-06-25 00:00:00,0.0001448111032428
178,2010-06-28 00:00:00,0.0001510045812381
179,2010-07-01 00:00:00,0.0001604021362052
180,2010-07-04 00:00:00,0.0001722531531414
181,2010-07-07 00:00:00,0.0001836171399137
182,2010-07-10 00:00:00,0.0001890967054239
183,2010-07-13 00:00:00,0.0002593523509672
184,2010-07-16 00:00:00,0.0008051616205265
185,2010-07-19 00:00:00,0.0019491891674936
186,2010-07-22 00:00:00,0.0021401113334004
187,2010-07-25 00:00:00,0.0016618093426223
188,2010-07-28 00:00:00,0.0019047134581419
189,2010-07-31 00:00:00,0.00205318329859
190,2010-08-03 00:00:00,0.0023551416024063
191,2010-08-06 00:00:00,0.0026811847697497
192,2010-08-09 00:00:00,0.0028924219591447
193,2010-08-12 00:00:00,0.0031941166587798
194,2010-08-15 00:00:00,0.0037537927160652
195,2010-08-18 00:00:00,0.0041804133085296
196,2010-08-21 00:00:00,0.0041489626631502
197,2010-08-24 00:00:00,0.0042558155488151
198,2010-08-27 00:00:00,0.005113520475818
199,2010-08-30 00:00:00,0.0053945172943548
200,2010-09-02 00:00:00,0.0052493097350025
201,2010-09-05 00:00:00,0.0050821523528234
202,2010-09-08 00:00:00,0.0050821523528234
203,2010-09-11 00:00:00,0.0053258603324063
204,2010-09-14 00:00:00,0.0056449366806124
205,2010-09-17 00:00:00,0.0063433480908862
206,2010-09-20 00:00:00,0.0073931772101341
207,2010-09-23 00:00:00,0.0082805412076122
208,2010-09-26 00:00:00,0.0093271790138005
209,2010-09-29 00:00:00,0.0096726300883857
210,2010-10-02 00:00:00,0.0099985761081577
211,2010-10-05 00:00:00,0.009442610182379
212,2010-10-08 00:00:00,0.0092521180601006
213,2010-10-11 00:00:00,0.0101323803046851
214,2010-10-14 00:00:00,0.0108797555534154
215,2010-10-17 00:00:00,0.0124036242633209
216,2010-10-20 00:00:00,0.0153738400326244
217,2010-10-23 00:00:00,0.0182114274438053
218,2010-10-26 00:00:00,0.0193034305122178
219,2010-10-29 00:00:00,0.0212893847337194
220,2010-11-01 00:00:00,0.0246596431538504
221,2010-11-04 00:00:00,0.0267556195971192
222,2010-11-07 00:00:00,0.0296623773681249
223,2010-11-09 23:00:00,0.0367572012043691
224,2010-11-12 23:00:00,0.042542166929811
225,2010-11-15 23:00:00,0.0487731567447337
226,2010-11-18 23:00:00,0.0497073849782854
227,2010-11-21 23:00:00,0.0497627742894136
228,2010-11-24 23:00:00,0.0526048581982559
229,2010-11-27 23:00:00,0.0566649936377225
230,2010-11-30 23:00:00,0.0657374032287834
231,2010-12-03 23:00:00,0.0716445488822359
232,2010-12-06 23:00:00,0.0842721784846025
233,2010-12-09 23:00:00,0.0919593615458256
234,2010-12-12 23:00:00,0.097883711882719
235,2010-12-15 23:00:00,0.1004788607960761
236,2010-12-18 23:00:00,0.103103500104942
237,2010-12-21 23:00:00,0.1075408659322434
238,2010-12-24 23:00:00,0.1071203266653641
239,2010-12-27 23:00:00,0.1118733700469456
240,2010-12-30 23:00:00,0.1153047174160693
241,2011-01-02 23:00:00,0.121784821963092
242,2011-01-05 23:00:00,0.1229575187728584
243,2011-01-08 23:00:00,0.1272569941367796
244,2011-01-11 23:00:00,0.1290085670121621
245,2011-01-14 23:00:00,0.1388521291270937
246,2011-01-17 23:00:00,0.1474989301055537
247,2011-01-20 23:00:00,0.1535724277219221
248,2011-01-23 23:00:00,0.1552881092924001
249,2011-01-26 23:00:00,0.1585614674140781
250,2011-01-29 23:00:00,0.1657244171090486
251,2011-02-01 23:00:00,0.1765375081363502
252,2011-02-04 23:00:00,0.1788303106797395
253,2011-02-07 23:00:00,0.1944623308440525
254,2011-02-10 23:00:00,0.2183003923041614
255,2011-02-13 23:00:00,0.2406414287066065
256,2011-02-16 23:00:00,0.2590261934781887
257,2011-02-19 23:00:00,0.2995966995434735
258,2011-02-22 23:00:00,0.34017995077385
259,2011-02-25 23:00:00,0.3731018281134246
260,2011-02-28 23:00:00,0.4685931451535433
261,2011-03-03 23:00:00,0.4856543018411199
262,2011-03-06 23:00:00,0.5459629456636573
263,2011-03-09 23:00:00,0.6164523364390773
264,2011-03-12 23:00:00,0.5726000381572202
265,2011-03-16 00:00:00,0.4772320120956325
266,2011-03-19 00:00:00,0.4788552502320124
267,2011-03-22 00:00:00,0.4875125202927042
268,2011-03-25 00:00:00,0.5156486479899524
269,2011-03-28 00:00:00,0.5460359578851073
270,2011-03-31 00:00:00,0.5456088645050555
271,2011-04-03 00:00:00,0.5838934132467589
272,2011-04-06 00:00:00,0.6225910471783813
273,2011-04-09 00:00:00,0.6287465999294106
274,2011-04-12 00:00:00,0.647467219438023
275,2011-04-15 00:00:00,0.6830170617890744
276,2011-04-18 00:00:00,0.6812627371440682
277,2011-04-21 00:00:00,0.6652195386031396
278,2011-04-24 00:00:00,0.7264473346421355
279,2011-04-27 00:00:00,0.7810618231767925
280,2011-04-30 00:00:00,0.8263122562575635
281,2011-05-03 00:00:00,0.9232774460793436
282,2011-05-06 00:00:00,1.051478516297838
283,2011-05-09 00:00:00,1.1082592126308075
284,2011-05-12 00:00:00,1.2901019680834165
285,2011-05-15 00:00:00,1.4722499703691792
286,2011-05-18 00:00:00,1.6902457444311665
287,2011-05-21 00:00:00,2.0916245378691234
288,2011-05-24 00:00:00,2.598869617733605
289,2011-05-27 00:00:00,3.246951882980952
290,2011-05-30 00:00:00,3.67349153963795
291,2011-06-02 00:00:00,3.661153943996296
292,2011-06-05 00:00:00,3.90047872908568
293,2011-06-08 00:00:00,4.7607425337761935
294,2011-06-11 00:00:00,5.499008107004173
295,2011-06-14 00:00:00,6.062811078865173
296,2011-06-17 00:00:00,7.705129377365814
297,2011-06-20 00:00:00,8.644156779775026
298,2011-06-23 00:00:00,9.559463434228777
299,2011-06-26 00:00:00,11.240486395744622
300,2011-06-29 00:00:00,11.576946991870845
301,2011-07-02 00:00:00,11.331991962913545
302,2011-07-05 00:00:00,11.65520348821703
303,2011-07-08 00:00:00,11.166740299534288
304,2011-07-11 00:00:00,11.106488198983916
305,2011-07-14 00:00:00,11.77687917946552
306,2011-07-17 00:00:00,12.143172311343337
307,2011-07-20 00:00:00,12.687062113222504
308,2011-07-23 00:00:00,12.45482359540666
309,2011-07-26 00:00:00,12.855571652689804
310,2011-07-29 00:00:00,13.652915100919374
311,2011-08-01 00:00:00,13.857048396183773
312,2011-08-04 00:00:00,14.232809239908477
313,2011-08-07 00:00:00,13.767242476971232
314,2011-08-10 00:00:00,12.675433013454583
315,2011-08-13 00:00:00,12.782738266478528
316,2011-08-16 00:00:00,12.943696146014489
317,2011-08-19 00:00:00,12.613399207187244
318,2011-08-22 00:00:00,12.858922587096172
319,2011-08-25 00:00:00,13.592512566270488
320,2011-08-28 00:00:00,13.27193443970749
321,2011-08-31 00:00:00,12.028091308643107
322,2011-09-03 00:00:00,12.287055727826337
323,2011-09-06 00:00:00,12.87016799910685
324,2011-09-09 00:00:00,12.700555819144848
325,2011-09-12 00:00:00,12.586932556349302
326,2011-09-15 00:00:00,12.146189727010745
327,2011-09-18 00:00:00,11.944308251326174
328,2011-09-21 00:00:00,12.179374952927116
329,2011-09-24 00:00:00,12.254171523774144
330,2011-09-27 00:00:00,12.141976667503588
331,2011-09-30 00:00:00,11.655237542660002
332,2011-10-03 00:00:00,11.347533030673414
333,2011-10-06 00:00:00,11.049009216586883
334,2011-10-09 00:00:00,11.013018958552417
335,2011-10-12 00:00:00,10.4851618407133
336,2011-10-15 00:00:00,9.82534044341441
337,2011-10-18 00:00:00,9.317272701017956
338,2011-10-21 00:00:00,9.300634480621946
339,2011-10-24 00:00:00,8.466189304511873
340,2011-10-27 00:00:00,8.361925889431673
341,2011-10-30 00:00:00,8.37235223093969
342,2011-11-02 00:00:00,8.32725229251725
343,2011-11-05 00:00:00,8.526276317127564
344,2011-11-07 23:00:00,8.512159883134881
345,2011-11-10 23:00:00,8.72581851473967
346,2011-11-13 23:00:00,8.409603739964579
347,2011-11-16 23:00:00,8.445602465262771
348,2011-11-19 23:00:00,8.439707497531762
349,2011-11-22 23:00:00,7.926500581362212
350,2011-11-25 23:00:00,7.621635174386742
351,2011-11-28 23:00:00,7.39298611915514
352,2011-12-01 23:00:00,7.932839134788684
353,2011-12-04 23:00:00,8.230114335065688
354,2011-12-07 23:00:00,8.481521249478806
355,2011-12-10 23:00:00,8.249150804287602
356,2011-12-13 23:00:00,7.9362833840583695
357,2011-12-16 23:00:00,7.642399829239243
358,2011-12-19 23:00:00,7.907177914484403
359,2011-12-22 23:00:00,8.16965684940505
360,2011-12-25 23:00:00,8.505957984772126
361,2011-12-28 23:00:00,8.844789593815593
362,2011-12-31 23:00:00,8.917107933413472
363,2012-01-03 23:00:00,8.58316359954815
364,2012-01-06 23:00:00,9.019735260561635
365,2012-01-09 23:00:00,9.461307725013755
366,2012-01-12 23:00:00,9.768831316260558
367,2012-01-15 23:00:00,9.388501173564086
368,2012-01-18 23:00:00,9.37961895864113
369,2012-01-21 23:00:00,9.406265603410004
370,2012-01-24 23:00:00,9.333958282281818
371,2012-01-27 23:00:00,9.576555798470467
372,2012-01-30 23:00:00,9.686121881783322
373,2012-02-02 23:00:00,10.020446318738449
374,2012-02-05 23:00:00,10.201525979451665
375,2012-02-08 23:00:00,10.08324074275993
376,2012-02-11 23:00:00,9.679950634686362
377,2012-02-14 23:00:00,9.836710968851332
378,2012-02-17 23:00:00,9.738735759998226
379,2012-02-20 23:00:00,10.05485599511255
380,2012-02-23 23:00:00,10.494780658121597
381,2012-02-26 23:00:00,10.389512472671203
382,2012-02-29 23:00:00,11.005259684127727
383,2012-03-03 23:00:00,10.517507284680343
384,2012-03-06 23:00:00,10.380180397562624
385,2012-03-09 23:00:00,10.630744226929323
386,2012-03-13 00:00:00,11.630034184260682
387,2012-03-16 00:00:00,11.268588880545078
388,2012-03-19 00:00:00,11.262359104582533
389,2012-03-22 00:00:00,11.362408739244293
390,2012-03-25 00:00:00,11.512575333499449
391,2012-03-28 00:00:00,11.565775774042418
392,2012-03-31 00:00:00,11.82900503977281
393,2012-04-03 00:00:00,11.687124826239224
394,2012-04-06 00:00:00,11.296795865307033
395,2012-04-09 00:00:00,10.580639072209854
396,2012-04-12 00:00:00,11.054226628935412
397,2012-04-15 00:00:00,11.230435127292177
398,2012-04-18 00:00:00,10.540588349718032
399,2012-04-21 00:00:00,10.73486966036565
400,2012-04-24 00:00:00,11.418405202413991
401,2012-04-27 00:00:00,11.36237769896741
402,2012-04-30 00:00:00,11.170240345434609
403,2012-05-03 00:00:00,11.96521691750582
404,2012-05-06 00:00:00,12.266613895083912
405,2012-05-09 00:00:00,12.427311893709485
406,2012-05-12 00:00:00,12.643426184799896
407,2012-05-15 00:00:00,12.368565671816183
408,2012-05-18 00:00:00,11.028251243200405
409,2012-05-21 00:00:00,11.520583887986165
410,2012-05-24 00:00:00,11.32365083007187
411,2012-05-27 00:00:00,10.79952111568779
412,2012-05-30 00:00:00,10.935916830795732
413,2012-06-02 00:00:00,11.18597681440548
414,2012-06-05 00:00:00,11.502347875823007
415,2012-06-08 00:00:00,11.830017903719735
416,2012-06-11 00:00:00,12.037097903264025
417,2012-06-14 00:00:00,12.011524922557523
418,2012-06-17 00:00:00,12.265987950842174
419,2012-06-20 00:00:00,12.69321759532613
420,2012-06-23 00:00:00,12.334991206213417
421,2012-06-26 00:00:00,12.51723202067376
422,2012-06-29 00:00:00,12.763862978263033
423,2012-07-02 00:00:00,12.481856399492573
424,2012-07-05 00:00:00,12.534480552513616
425,2012-07-08 00:00:00,13.14301116928896
426,2012-07-11 00:00:00,13.544869552321574
427,2012-07-14 00:00:00,13.544869552321575
428,2012-07-17 00:00:00,13.010039992404378
429,2012-07-20 00:00:00,13.79249216082005
430,2012-07-23 00:00:00,13.756259387924418
431,2012-07-26 00:00:00,13.73126462090366
432,2012-07-29 00:00:00,14.844610400976933
433,2012-08-01 00:00:00,15.401451051586545
434,2012-08-04 00:00:00,15.543241904864988
435,2012-08-07 00:00:00,14.998496759650218
436,2012-08-10 00:00:00,15.72166439512033
437,2012-08-13 00:00:00,16.239378176441402
438,2012-08-16 00:00:00,17.16315850909434
439,2012-08-19 00:00:00,17.129757206272657
440,2012-08-22 00:00:00,17.798766797434983
441,2012-08-25 00:00:00,17.829883522605343
442,2012-08-28 00:00:00,18.03195131995537
443,2012-08-31 00:00:00,18.54599769402943
444,2012-09-03 00:00:00,18.75337888974597
445,2012-09-06 00:00:00,19.152018182226687
446,2012-09-09 00:00:00,20.637486812578
447,2012-09-12 00:00:00,21.35228907868737
448,2012-09-15 00:00:00,19.954355670345272
449,2012-09-18 00:00:00,20.566569842398057
450,2012-09-21 00:00:00,20.992844131836023
451,2012-09-24 00:00:00,22.13229005864728
452,2012-09-27 00:00:00,21.94642792222307
453,2012-09-30 00:00:00,21.80405072532265
454,2012-10-03 00:00:00,21.437937933293
455,2012-10-06 00:00:00,21.135591569257457
456,2012-10-09 00:00:00,21.26974887681514
457,2012-10-12 00:00:00,21.97433723378296
458,2012-10-15 00:00:00,22.4081839708764
459,2012-10-18 00:00:00,22.208977931245027
460,2012-10-21 00:00:00,22.63454363415556
461,2012-10-24 00:00:00,22.996163219837083
462,2012-10-27 00:00:00,22.996163219837065
463,2012-10-30 00:00:00,23.93433686163308
464,2012-11-02 00:00:00,24.456806621414565
465,2012-11-04 23:00:00,23.88593547708805
466,2012-11-07 23:00:00,24.14628574544725
467,2012-11-10 23:00:00,25.178779985291435
468,2012-11-13 23:00:00,24.36685165084413
469,2012-11-16 23:00:00,23.55039313762543
470,2012-11-19 23:00:00,23.444725202546017
471,2012-11-22 23:00:00,24.497345517762376
472,2012-11-25 23:00:00,24.664807840637703
473,2012-11-28 23:00:00,25.956520871232183
474,2012-12-01 23:00:00,26.182662731194004
475,2012-12-04 23:00:00,25.276044264100573
476,2012-12-07 23:00:00,23.420025554852614
477,2012-12-10 23:00:00,22.10127541933432
478,2012-12-13 23:00:00,22.78033607116103
479,2012-12-16 23:00:00,21.3459510760655
480,2012-12-19 23:00:00,20.774048096928446
481,2012-12-22 23:00:00,21.133046623949102
482,2012-12-25 23:00:00,21.635644561778037
483,2012-12-28 23:00:00,23.309716644502128
484,2012-12-31 23:00:00,23.296847089742045
485,2013-01-03 23:00:00,23.65664675745907
486,2013-01-06 23:00:00,22.85257468520197
487,2013-01-09 23:00:00,22.475567955692554
488,2013-01-12 23:00:00,21.861217637373823
489,2013-01-15 23:00:00,21.299673585170314
490,2013-01-18 23:00:00,20.60737650222868
491,2013-01-21 23:00:00,21.16121416858198
492,2013-01-24 23:00:00,22.01504723754331
493,2013-01-27 23:00:00,22.1280258041677
494,2013-01-30 23:00:00,22.30539592093269
495,2013-02-02 23:00:00,23.42283561349563
496,2013-02-05 23:00:00,24.872657597110777
497,2013-02-08 23:00:00,25.144633562305398
498,2013-02-11 23:00:00,25.237755302874408
499,2013-02-14 23:00:00,25.005149263216577
500,2013-02-17 23:00:00,27.30794905582909
501,2013-02-20 23:00:00,29.595101305725716
502,2013-02-23 23:00:00,30.77256205682517
503,2013-02-26 23:00:00,31.294539501040965
504,2013-03-01 23:00:00,32.12481165972719
505,2013-03-04 23:00:00,33.41230617178565
506,2013-03-07 23:00:00,34.08914211257267
507,2013-03-11 00:00:00,35.360893547163656
508,2013-03-14 00:00:00,34.46136204464808
509,2013-03-17 00:00:00,38.22467565887819
510,2013-03-20 00:00:00,42.98902391425168
511,2013-03-23 00:00:00,47.85131533255679
512,2013-03-26 00:00:00,52.65649086106915
513,2013-03-29 00:00:00,53.68090656911035
514,2013-04-01 00:00:00,52.400309364417744
515,2013-04-04 00:00:00,59.67548843225432
516,2013-04-07 00:00:00,59.22531030867792
517,2013-04-10 00:00:00,60.2629944671468
518,2013-04-13 00:00:00,64.73359302008411
519,2013-04-16 00:00:00,63.80727056104252
520,2013-04-19 00:00:00,66.69336865081573
521,2013-04-22 00:00:00,68.01745473127586
522,2013-04-25 00:00:00,70.29492658910178
523,2013-04-28 00:00:00,73.92757465399642
524,2013-05-01 00:00:00,75.22107936937616
525,2013-05-04 00:00:00,73.8857531736754
526,2013-05-07 00:00:00,75.27739833987982
527,2013-05-10 00:00:00,80.35790716319875
528,2013-05-13 00:00:00,85.00907721271605
529,2013-05-16 00:00:00,86.7451090243878
530,2013-05-19 00:00:00,86.38343730779688
531,2013-05-22 00:00:00,82.703224256852
532,2013-05-25 00:00:00,85.56327812164227
533,2013-05-28 00:00:00,94.27157206955177
534,2013-05-31 00:00:00,99.52252389225704
535,2013-06-03 00:00:00,108.66058008902614
536,2013-06-06 00:00:00,123.88331782075822
537,2013-06-09 00:00:00,132.34272101304796
538,2013-06-12 00:00:00,136.53379666567224
539,2013-06-15 00:00:00,139.19354595136727
540,2013-06-18 00:00:00,143.4983814914287
541,2013-06-21 00:00:00,137.7097321140257
542,2013-06-24 00:00:00,149.97211993255254
543,2013-06-27 00:00:00,157.52566077164616
544,2013-06-30 00:00:00,160.357189250226
545,2013-07-03 00:00:00,168.03751387262224
546,2013-07-06 00:00:00,175.29954315245422
547,2013-07-09 00:00:00,187.87505056961413
548,2013-07-12 00:00:00,203.8510744098401
549,2013-07-15 00:00:00,209.21208398452316
550,2013-07-18 00:00:00,218.30889074982292
551,2013-07-21 00:00:00,222.0247867625858
552,2013-07-24 00:00:00,237.8693024997337
553,2013-07-27 00:00:00,247.218014528148
554,2013-07-30 00:00:00,249.05065184870207
555,2013-08-02 00:00:00,278.5726988147245
556,2013-08-05 00:00:00,298.2627314366096
557,2013-08-08 00:00:00,324.0868070225849
558,2013-08-11 00:00:00,355.03165698679044
559,2013-08-14 00:00:00,395.3663822031165
560,2013-08-17 00:00:00,417.64607194077456
561,2013-08-20 00:00:00,449.9524543737449
562,2013-08-23 00:00:00,479.5403463213367
563,2013-08-26 00:00:00,510.1153164276665
564,2013-08-29 00:00:00,540.642312281752
565,2013-09-01 00:00:00,584.5862041650807
566,2013-09-04 00:00:00,661.1613938480466
567,2013-09-07 00:00:00,725.4965436960509
568,2013-09-10 00:00:00,723.487776940836
569,2013-09-13 00:00:00,796.3840345041799
570,2013-09-16 00:00:00,895.8337966934439
571,2013-09-19 00:00:00,935.2841392249852
572,2013-09-22 00:00:00,1003.7840543369236
573,2013-09-25 00:00:00,1082.9670195794365
574,2013-09-28 00:00:00,1244.7440028901103
575,2013-10-01 00:00:00,1285.2374816335432
576,2013-10-04 00:00:00,1327.3843201087675
577,2013-10-07 00:00:00,1465.746415865673
578,2013-10-10 00:00:00,1563.787432295817
579,2013-10-13 00:00:00,1697.6924724543298
580,2013-10-16 00:00:00,1998.787574457316
581,2013-10-19 00:00:00,2338.404231494972
582,2013-10-22 00:00:00,2628.205872683148
583,2013-10-25 00:00:00,2810.0987232674456
584,2013-10-28 00:00:00,3154.2651073280254
585,2013-10-31 00:00:00,3374.437282351972
586,2013-11-03 00:00:00,3678.422493900333
587,2013-11-05 23:00:00,3825.5593936563455
588,2013-11-08 23:00:00,3802.868954489952
589,2013-11-11 23:00:00,3933.395133073541
590,2013-11-14 23:00:00,4295.967252239636
591,2013-11-17 23:00:00,4826.5324820488295
592,2013-11-20 23:00:00,4837.318485408744
593,2013-11-23 23:00:00,4981.782593281007
594,2013-11-26 23:00:00,4999.095478053488
595,2013-11-29 23:00:00,5370.127722771562
596,2013-12-02 23:00:00,5747.665809673451
597,2013-12-05 23:00:00,6234.333071786506
598,2013-12-08 23:00:00,6445.325810718848
599,2013-12-11 23:00:00,7078.181464205418
600,2013-12-14 23:00:00,7626.345870173981
601,2013-12-17 23:00:00,8114.884684697727
602,2013-12-20 23:00:00,9005.070762987305
603,2013-12-23 23:00:00,9414.272755427746
604,2013-12-26 23:00:00,9731.244641570196
605,2013-12-29 23:00:00,9770.02459601524
606,2014-01-01 23:00:00,10323.519551669317
607,2014-01-04 23:00:00,10582.920396900516
608,2014-01-07 23:00:00,11760.629686481998
609,2014-01-10 23:00:00,12813.236259515295
610,2014-01-13 23:00:00,14305.126955430444
611,2014-01-16 23:00:00,15285.627659730502
612,2014-01-19 23:00:00,15605.92598039062
613,2014-01-22 23:00:00,15821.968929630577
614,2014-01-25 23:00:00,16994.944758477523
615,2014-01-28 23:00:00,17732.347652035136
616,2014-01-31 23:00:00,17822.991987249763
617,2014-02-03 23:00:00,19271.88906313633
618,2014-02-06 23:00:00,20656.48075033565
619,2014-02-09 23:00:00,21087.885125929508
620,2014-02-12 23:00:00,21315.11098354659
621,2014-02-15 23:00:00,22134.20695147328
622,2014-02-18 23:00:00,24359.788480755164
623,2014-02-21 23:00:00,26123.495970465363
624,2014-02-24 23:00:00,27225.087107952782
625,2014-02-27 23:00:00,27313.985351570595
626,2014-03-02 23:00:00,29032.720982763483
627,2014-03-05 23:00:00,29164.00876656257
628,2014-03-08 23:00:00,29671.474494862923
629,2014-03-12 00:00:00,31486.989372630807
630,2014-03-15 00:00:00,32057.97613093392
631,2014-03-18 00:00:00,33824.370643244554
632,2014-03-21 00:00:00,33714.16825697453
633,2014-03-24 00:00:00,36430.61869844965
634,2014-03-27 00:00:00,38996.44354061911
635,2014-03-30 00:00:00,41705.37043345701
636,2014-04-02 00:00:00,41778.36544537938
637,2014-04-05 00:00:00,44836.18623542418
638,2014-04-08 00:00:00,47780.19966251466
639,2014-04-11 00:00:00,48128.63571174965
640,2014-04-14 00:00:00,49108.70776622058
641,2014-04-17 00:00:00,52541.97140651387
642,2014-04-20 00:00:00,55940.88978172549
643,2014-04-23 00:00:00,55738.05725338113
644,2014-04-26 00:00:00,56994.02461229938
645,2014-04-29 00:00:00,57043.58463370138
646,2014-05-02 00:00:00,59124.32789950368
647,2014-05-05 00:00:00,60375.43246252085
648,2014-05-08 00:00:00,62954.26662221349
649,2014-05-11 00:00:00,63920.17143500918
650,2014-05-14 00:00:00,67604.47014495586
651,2014-05-17 00:00:00,71358.15180252657
652,2014-05-20 00:00:00,74314.99306149459
653,2014-05-23 00:00:00,76704.13835450374
654,2014-05-26 00:00:00,77693.3119072989
655,2014-05-29 00:00:00,79388.73573701018
656,2014-06-01 00:00:00,79597.02104263773
657,2014-06-04 00:00:00,86799.36343175698
658,2014-06-07 00:00:00,88537.81467555478
659,2014-06-10 00:00:00,87321.39742462565
660,2014-06-13 00:00:00,88915.5363535424
661,2014-06-16 00:00:00,95511.148909345
662,2014-06-19 00:00:00,105251.71695701474
663,2014-06-22 00:00:00,113782.95901423584
664,2014-06-25 00:00:00,118931.46261857284
665,2014-06-28 00:00:00,122564.4172644777
666,2014-07-01 00:00:00,124527.46991473656
667,2014-07-04 00:00:00,120435.86874224569
668,2014-07-07 00:00:00,118958.00693112356
669,2014-07-10 00:00:00,125885.28042711284
670,2014-07-13 00:00:00,128751.738425453
671,2014-07-16 00:00:00,128806.15627597684
672,2014-07-19 00:00:00,134448.47987745813
673,2014-07-22 00:00:00,138379.33175975113
674,2014-07-25 00:00:00,133947.25351833558
675,2014-07-28 00:00:00,131646.20681174673
676,2014-07-31 00:00:00,138928.45083802432
677,2014-08-03 00:00:00,145962.67675063573
678,2014-08-06 00:00:00,142370.1587266913
679,2014-08-09 00:00:00,142042.10679820742
680,2014-08-12 00:00:00,156186.90539780844
681,2014-08-15 00:00:00,168551.64590601003
682,2014-08-18 00:00:00,166590.11386720347
683,2014-08-21 00:00:00,173869.3809595736
684,2014-08-24 00:00:00,185549.64738442973
685,2014-08-27 00:00:00,187620.01062273973
686,2014-08-30 00:00:00,191175.9855533152
687,2014-09-02 00:00:00,205492.2852240124
688,2014-09-05 00:00:00,210825.0290594278
689,2014-09-08 00:00:00,214261.87164215933
690,2014-09-11 00:00:00,212119.25292573773
691,2014-09-14 00:00:00,215235.7892405328
692,2014-09-17 00:00:00,230941.5696626661
693,2014-09-20 00:00:00,251183.75303059025
694,2014-09-23 00:00:00,256320.190379556
695,2014-09-26 00:00:00,242339.08908612563
696,2014-09-29 00:00:00,237192.7421188844
697,2014-10-02 00:00:00,244492.45359017776
698,2014-10-05 00:00:00,247623.8573426998
699,2014-10-08 00:00:00,262392.6758720853
700,2014-10-11 00:00:00,262629.4035253776
701,2014-10-14 00:00:00,254597.33284852465
702,2014-10-17 00:00:00,258511.7331420516
703,2014-10-20 00:00:00,255280.33647777612
704,2014-10-23 00:00:00,257517.45724535157
705,2014-10-26 00:00:00,261957.99668838008
706,2014-10-29 00:00:00,269178.88971104537
707,2014-11-01 00:00:00,277528.21229768166
708,2014-11-03 23:00:00,289794.6526202308
709,2014-11-06 23:00:00,298142.20850664045
710,2014-11-09 23:00:00,290766.3525813445
711,2014-11-12 23:00:00,286306.5269183879
712,2014-11-15 23:00:00,285462.7945207893
713,2014-11-18 23:00:00,287993.9917135846
714,2014-11-21 23:00:00,281806.1040828413
715,2014-11-24 23:00:00,286019.93679089606
716,2014-11-27 23:00:00,280465.55231544265
717,2014-11-30 23:00:00,291626.93654024095
718,2014-12-03 23:00:00,285903.1497582931
719,2014-12-06 23:00:00,286699.9065059102
720,2014-12-09 23:00:00,277260.33042566705
721,2014-12-12 23:00:00,286100.5156178536
722,2014-12-15 23:00:00,289225.7446861719
723,2014-12-18 23:00:00,274761.5610297493
724,2014-12-21 23:00:00,271171.9834029166
725,2014-12-24 23:00:00,277685.48804549273
726,2014-12-27 23:00:00,297019.7954876107
727,2014-12-30 23:00:00,309909.3337823561
728,2015-01-02 23:00:00,318714.7260085566
729,2015-01-05 23:00:00,323459.8597767038
730,2015-01-08 23:00:00,316894.2242005534
731,2015-01-11 23:00:00,302463.70397284144
732,2015-01-14 23:00:00,297101.57323095674
733,2015-01-17 23:00:00,306288.2272489208
734,2015-01-20 23:00:00,312263.310981595
735,2015-01-23 23:00:00,303519.9382741104
736,2015-01-26 23:00:00,282598.2964383434
737,2015-01-29 23:00:00,296921.43842116377
738,2015-02-01 23:00:00,317069.20147820935
739,2015-02-04 23:00:00,315666.4982573728
740,2015-02-07 23:00:00,324459.4369274946
741,2015-02-10 23:00:00,325783.7946852596
742,2015-02-13 23:00:00,318705.1169759844
743,2015-02-16 23:00:00,324853.9349558609
744,2015-02-19 23:00:00,338744.67658662656
745,2015-02-22 23:00:00,345058.6500551564
746,2015-02-25 23:00:00,338305.85808544967
747,2015-02-28 23:00:00,335436.4235284754
748,2015-03-03 23:00:00,347109.3574442462
749,2015-03-06 23:00:00,337495.05814540834
750,2015-03-10 00:00:00,336202.54370972834
751,2015-03-13 00:00:00,346865.6791348593
752,2015-03-16 00:00:00,337478.8310799632
753,2015-03-19 00:00:00,326027.453578248
754,2015-03-22 00:00:00,333100.36321166024
755,2015-03-25 00:00:00,342699.2978060493
756,2015-03-28 00:00:00,361125.72885981074
757,2015-03-31 00:00:00,363944.16603336256
758,2015-04-03 00:00:00,349346.5878150692
759,2015-04-06 00:00:00,346632.80941706506
760,2015-04-09 00:00:00,345894.1291124136
761,2015-04-12 00:00:00,344119.0778654283
762,2015-04-15 00:00:00,342714.5102006714
763,2015-04-18 00:00:00,339554.2329549686
764,2015-04-21 00:00:00,346928.21319494204
765,2015-04-24 00:00:00,348565.8874031984
766,2015-04-27 00:00:00,350074.04970103607
767,2015-04-30 00:00:00,333033.2841708256
768,2015-05-03 00:00:00,338104.8570262188
769,2015-05-06 00:00:00,331409.44537612674
770,2015-05-09 00:00:00,346053.3452830632
771,2015-05-12 00:00:00,341721.403307448
772,2015-05-15 00:00:00,342398.0793536015
773,2015-05-18 00:00:00,365143.5210582899
774,2015-05-21 00:00:00,350303.9654659398
775,2015-05-24 00:00:00,347644.5787043501
776,2015-05-27 00:00:00,338632.8548296611
777,2015-05-30 00:00:00,337593.0405364279
778,2015-06-02 00:00:00,338632.85482966143
779,2015-06-05 00:00:00,341152.73551492824
780,2015-06-08 00:00:00,351645.17658567725
781,2015-06-11 00:00:00,362626.69722581486
782,2015-06-14 00:00:00,363978.520887421
783,2015-06-17 00:00:00,352646.7784105632
784,2015-06-20 00:00:00,362174.7751636253
785,2015-06-23 00:00:00,347242.6247790907
786,2015-06-26 00:00:00,359593.7344002983
787,2015-06-29 00:00:00,361711.0674782196
788,2015-07-02 00:00:00,354835.580269439
789,2015-07-05 00:00:00,361303.8832013378
790,2015-07-08 00:00:00,373630.5241199132
791,2015-07-11 00:00:00,373981.3509031244
792,2015-07-14 00:00:00,362611.5953885363
793,2015-07-17 00:00:00,363853.4614238876
794,2015-07-20 00:00:00,370334.1942002028
795,2015-07-23 00:00:00,367795.1742595551
796,2015-07-26 00:00:00,379982.6239220452
797,2015-07-29 00:00:00,386597.3152424763
798,2015-08-01 00:00:00,376078.94597712
799,2015-08-04 00:00:00,384246.50452746224
800,2015-08-07 00:00:00,377563.9566226368
801,2015-08-10 00:00:00,368785.4996865437
802,2015-08-13 00:00:00,388746.1136641017
803,2015-08-16 00:00:00,381356.8742491674
804,2015-08-19 00:00:00,365264.2877990064
805,2015-08-22 00:00:00,385847.82860735216
806,2015-08-25 00:00:00,399023.0436724837
807,2015-08-28 00:00:00,400167.10305827536
808,2015-08-31 00:00:00,407263.8701419768
809,2015-09-03 00:00:00,413043.39526225085
810,2015-09-06 00:00:00,415387.58116583165
811,2015-09-09 00:00:00,415620.8830386149
812,2015-09-12 00:00:00,431987.7009136632
813,2015-09-15 00:00:00,427538.38938739896
814,2015-09-18 00:00:00,429156.32085149473
815,2015-09-21 00:00:00,414405.2594535765
816,2015-09-24 00:00:00,410138.5050297866
817,2015-09-27 00:00:00,430216.7729829676
818,2015-09-30 00:00:00,448756.9669215088
819,2015-10-03 00:00:00,441993.62506882334
820,2015-10-06 00:00:00,453468.788130199
821,2015-10-09 00:00:00,430567.5198222158
822,2015-10-12 00:00:00,432294.9722588143
823,2015-10-15 00:00:00,429703.7936039166
824,2015-10-18 00:00:00,442884.8037179
825,2015-10-21 00:00:00,448285.7600076941
826,2015-10-24 00:00:00,442308.8660650111
827,2015-10-27 00:00:00,444903.0529627531
828,2015-10-30 00:00:00,451963.8496861559
829,2015-11-01 23:00:00,468259.4999243519
830,2015-11-04 23:00:00,477904.2707995149
831,2015-11-07 23:00:00,471272.8516857381
832,2015-11-10 23:00:00,457125.8242430142
833,2015-11-13 23:00:00,491295.5186716333
834,2015-11-16 23:00:00,513536.8349414717
835,2015-11-19 23:00:00,505496.3736733129
836,2015-11-22 23:00:00,527474.4768765004
837,2015-11-25 23:00:00,537269.345686539
838,2015-11-28 23:00:00,550227.343209118
839,2015-12-01 23:00:00,573246.6610989643
840,2015-12-04 23:00:00,558786.3849631345
841,2015-12-07 23:00:00,585252.0281460044
842,2015-12-10 23:00:00,634659.5167030301
843,2015-12-13 23:00:00,659486.2288171122
844,2015-12-16 23:00:00,687573.3765520828
845,2015-12-19 23:00:00,667413.1818131171
846,2015-12-22 23:00:00,684351.2456391791
847,2015-12-25 23:00:00,708085.3784967727
848,2015-12-28 23:00:00,750557.2287533741
849,2015-12-31 23:00:00,770515.4892291094
850,2016-01-03 23:00:00,739322.7070863631
851,2016-01-06 23:00:00,766473.2316355921
852,2016-01-09 23:00:00,812210.8065743857
853,2016-01-12 23:00:00,833604.1884005956
854,2016-01-15 23:00:00,826381.9910295875
855,2016-01-18 23:00:00,822925.0518379541
856,2016-01-21 23:00:00,809006.7386918638
857,2016-01-24 23:00:00,896749.7581121754
858,2016-01-27 23:00:00,928737.4309668764
859,2016-01-30 23:00:00,965900.4615187048
860,2016-02-02 23:00:00,995618.1718108044
861,2016-02-05 23:00:00,1052729.830638992
862,2016-02-08 23:00:00,1113096.3661353148
863,2016-02-11 23:00:00,1209706.7142473662
864,2016-02-14 23:00:00,1210727.4042139906
865,2016-02-17 23:00:00,1147274.2351004933
866,2016-02-20 23:00:00,1160506.344796532
867,2016-02-23 23:00:00,1126289.2851726362
868,2016-02-26 23:00:00,1122716.5967920024
869,2016-02-29 23:00:00,1123877.6273988197
870,2016-03-03 23:00:00,1141293.086501073
871,2016-03-06 23:00:00,1159514.559035056
872,2016-03-09 23:00:00,1182661.4746346704
873,2016-03-12 23:00:00,1194819.639276276
874,2016-03-16 00:00:00,1201570.0327185164
875,2016-03-19 00:00:00,1156745.272431906
876,2016-03-22 00:00:00,1160553.647629226
877,2016-03-25 00:00:00,1176445.598410569
878,2016-03-28 00:00:00,1201126.2753003004
879,2016-03-31 00:00:00,1254013.4400640118
880,2016-04-03 00:00:00,1220341.0579831232
881,2016-04-06 00:00:00,1218889.9994481034
882,2016-04-09 00:00:00,1246504.838070759
883,2016-04-12 00:00:00,1277311.9918633825
884,2016-04-15 00:00:00,1319607.317131885
885,2016-04-18 00:00:00,1313989.7857238066
886,2016-04-21 00:00:00,1339935.2964277354
887,2016-04-24 00:00:00,1320902.124601324
888,2016-04-27 00:00:00,1285373.537194018
889,2016-04-30 00:00:00,1239654.1518400884
890,2016-05-03 00:00:00,1309380.4892670915
891,2016-05-06 00:00:00,1384198.4377660155
892,2016-05-09 00:00:00,1404498.3231961315
893,2016-05-12 00:00:00,1404003.341855049
894,2016-05-15 00:00:00,1410311.6758111045
895,2016-05-18 00:00:00,1364319.776956976
896,2016-05-21 00:00:00,1364319.776956976
897,2016-05-24 00:00:00,1477438.302447847
898,2016-05-27 00:00:00,1502286.33102257
899,2016-05-30 00:00:00,1441462.0628728983
900,2016-06-02 00:00:00,1375776.66173109
901,2016-06-05 00:00:00,1361622.5808490815
902,2016-06-08 00:00:00,1452208.698493926
903,2016-06-11 00:00:00,1482798.3277158977
904,2016-06-14 00:00:00,1476356.5032597517
905,2016-06-17 00:00:00,1452193.6709485457
906,2016-06-20 00:00:00,1506494.2971872743
907,2016-06-23 00:00:00,1524578.422385463
908,2016-06-26 00:00:00,1536803.6434820157
909,2016-06-29 00:00:00,1499324.1103490442
910,2016-07-02 00:00:00,1579645.0448320284
911,2016-07-05 00:00:00,1574951.6271818082
912,2016-07-08 00:00:00,1554081.0534019496
913,2016-07-11 00:00:00,1551816.1359546129
914,2016-07-14 00:00:00,1521507.2270492483
915,2016-07-17 00:00:00,1524538.117939783
916,2016-07-20 00:00:00,1500475.0643218402
917,2016-07-23 00:00:00,1508326.0759691785
918,2016-07-26 00:00:00,1408466.1626519624
919,2016-07-29 00:00:00,1382692.2931524094
920,2016-08-01 00:00:00,1434240.0321515142
921,2016-08-04 00:00:00,1539535.4506946113
922,2016-08-07 00:00:00,1629641.01091823
923,2016-08-10 00:00:00,1547003.2939682817
924,2016-08-13 00:00:00,1491087.512258583
925,2016-08-16 00:00:00,1521477.1314671084
926,2016-08-19 00:00:00,1546812.846310119
927,2016-08-22 00:00:00,1593082.7517429232
928,2016-08-25 00:00:00,1676441.7329387732
929,2016-08-28 00:00:00,1586908.0123950825
930,2016-08-31 00:00:00,1589814.8359046
931,2016-09-03 00:00:00,1621724.9894524557
932,2016-09-06 00:00:00,1628830.7598156298
933,2016-09-09 00:00:00,1614721.5424543784
934,2016-09-12 00:00:00,1620992.3057260471
935,2016-09-15 00:00:00,1727836.8198172145
936,2016-09-18 00:00:00,1767828.8105885356
937,2016-09-21 00:00:00,1674309.4768301244
938,2016-09-24 00:00:00,1663083.263862871
939,2016-09-27 00:00:00,1804386.9344397676
940,2016-09-30 00:00:00,1854675.1988884744
941,2016-10-03 00:00:00,1803859.5758785184
942,2016-10-06 00:00:00,1815851.045043903
943,2016-10-09 00:00:00,1891426.4062822275
944,2016-10-12 00:00:00,1897250.873499276
945,2016-10-15 00:00:00,1839562.571373267
946,2016-10-18 00:00:00,1734916.7963550289
947,2016-10-21 00:00:00,1740424.4687244084
948,2016-10-24 00:00:00,1820178.174170574
949,2016-10-27 00:00:00,1833053.4605573523
950,2016-10-30 00:00:00,1851491.3576252167
951,2016-11-02 00:00:00,1912727.453110877
952,2016-11-05 00:00:00,1826276.4947781824
953,2016-11-07 23:00:00,1800654.255308608
954,2016-11-10 23:00:00,1895952.1788809733
955,2016-11-13 23:00:00,1996227.2761553747
956,2016-11-16 23:00:00,2064937.9976172464
957,2016-11-19 23:00:00,2030505.8406368385
958,2016-11-22 23:00:00,1985338.1054490523
959,2016-11-25 23:00:00,2017209.538877899
960,2016-11-28 23:00:00,2119270.735785414
961,2016-12-01 23:00:00,2107263.5361492364
962,2016-12-04 23:00:00,2151639.915632281
963,2016-12-07 23:00:00,2208481.845062525
964,2016-12-10 23:00:00,2136244.08071986
965,2016-12-13 23:00:00,2282869.031922748
966,2016-12-16 23:00:00,2187573.2446520803
967,2016-12-19 23:00:00,2182935.161392176
968,2016-12-22 23:00:00,2262016.178870619
969,2016-12-25 23:00:00,2343510.4326371374
970,2016-12-28 23:00:00,2380918.5854491703
971,2016-12-31 23:00:00,2420681.793241785
972,2017-01-03 23:00:00,2479403.0382490805
973,2017-01-06 23:00:00,2443306.178729531
974,2017-01-09 23:00:00,2393672.996890151
975,2017-01-12 23:00:00,2523147.512822688
976,2017-01-15 23:00:00,2641887.480416876
977,2017-01-18 23:00:00,2729823.9990833
978,2017-01-21 23:00:00,2844663.2207800555
979,2017-01-24 23:00:00,2952040.6727111144
980,2017-01-27 23:00:00,3053427.6840616013
981,2017-01-30 23:00:00,3044561.7015277296
982,2017-02-02 23:00:00,3150605.097181306
983,2017-02-05 23:00:00,3113197.005316728
984,2017-02-08 23:00:00,3030498.4575872305
985,2017-02-11 23:00:00,3108957.5113852997
986,2017-02-14 23:00:00,3222882.666093726
987,2017-02-17 23:00:00,3159924.027965383
988,2017-02-20 23:00:00,3190296.409473513
989,2017-02-23 23:00:00,3147790.986611596
990,2017-02-26 23:00:00,3399379.7914136187
991,2017-03-01 23:00:00,3449462.734933528
992,2017-03-04 23:00:00,3361582.213987116
993,2017-03-07 23:00:00,3321030.01541913
994,2017-03-10 23:00:00,3344125.478047892
995,2017-03-14 00:00:00,3429201.077293728
996,2017-03-17 00:00:00,3455378.184753985
997,2017-03-20 00:00:00,3561598.2231778777
998,2017-03-23 00:00:00,3595072.830341044
999,2017-03-26 00:00:00,3587653.559469174
1000,2017-03-29 00:00:00,3618057.403193488
1001,2017-04-01 00:00:00,3506716.603028721
1002,2017-04-04 00:00:00,3704147.329565101
1003,2017-04-07 00:00:00,3672333.296482463
1004,2017-04-10 00:00:00,3789422.1841963967
1005,2017-04-13 00:00:00,3768133.295521136
1006,2017-04-16 00:00:00,3727936.320298501
1007,2017-04-19 00:00:00,3636471.778448948
1008,2017-04-22 00:00:00,3809461.380002141
1009,2017-04-25 00:00:00,3761380.799477843
1010,2017-04-28 00:00:00,3836567.889059681
1011,2017-05-01 00:00:00,3821883.550069876
1012,2017-05-04 00:00:00,3881003.7613992137
1013,2017-05-07 00:00:00,3914364.825250784
1014,2017-05-10 00:00:00,4073756.574763835
1015,2017-05-13 00:00:00,4221326.561466259
1016,2017-05-16 00:00:00,4268826.866837841
1017,2017-05-19 00:00:00,4274860.982225618
1018,2017-05-22 00:00:00,4274860.982225619
1019,2017-05-25 00:00:00,4400811.960649634
1020,2017-05-28 00:00:00,4576075.581265672
1021,2017-05-31 00:00:00,4794765.226710832
1022,2017-06-03 00:00:00,4837084.425534402
1023,2017-06-06 00:00:00,5167926.409593828
1024,2017-06-09 00:00:00,5315464.142712018
1025,2017-06-12 00:00:00,5220268.568164632
1026,2017-06-15 00:00:00,4969618.553811391
1027,2017-06-18 00:00:00,4950512.174222468
1028,2017-06-21 00:00:00,5052025.489071213
1029,2017-06-24 00:00:00,5145067.926988111
1030,2017-06-27 00:00:00,4988391.005832284
1031,2017-06-30 00:00:00,4942904.157754784
1032,2017-07-03 00:00:00,5333067.905316561
1033,2017-07-06 00:00:00,5535157.712196701
1034,2017-07-09 00:00:00,5611261.893314176
1035,2017-07-12 00:00:00,5596164.327681943
1036,2017-07-15 00:00:00,5861899.508277555
1037,2017-07-18 00:00:00,5848067.99578062
1038,2017-07-21 00:00:00,6016114.579447603
1039,2017-07-24 00:00:00,6341773.203406303
1040,2017-07-27 00:00:00,6404619.60452114
1041,2017-07-30 00:00:00,6501258.798878653
1042,2017-08-02 00:00:00,6350028.428756065
1043,2017-08-05 00:00:00,6518130.266060152
1044,2017-08-08 00:00:00,6646415.866423098
1045,2017-08-11 00:00:00,6749801.502005899
1046,2017-08-14 00:00:00,6519361.848771334
1047,2017-08-17 00:00:00,6379288.902132113
1048,2017-08-20 00:00:00,6812005.312759782
1049,2017-08-23 00:00:00,6182599.624574085
1050,2017-08-26 00:00:00,5496342.44614583
1051,2017-08-29 00:00:00,5353592.710068663
1052,2017-09-01 00:00:00,6118103.511203514
1053,2017-09-04 00:00:00,6944362.851376359
1054,2017-09-07 00:00:00,7539158.186311713
1055,2017-09-10 00:00:00,7786592.785243903
1056,2017-09-13 00:00:00,7745290.322226867
1057,2017-09-16 00:00:00,7948423.993960397
1058,2017-09-19 00:00:00,8052399.125350653
1059,2017-09-22 00:00:00,7953567.898871058
1060,2017-09-25 00:00:00,8039495.313184744
1061,2017-09-28 00:00:00,8117852.967309351
1062,2017-10-01 00:00:00,8141360.263546734
1063,2017-10-04 00:00:00,8620716.497159895
1064,2017-10-07 00:00:00,8093774.808395992
1065,2017-10-10 00:00:00,8795148.10252713
1066,2017-10-13 00:00:00,8874958.883856777
1067,2017-10-16 00:00:00,8760461.40481069
1068,2017-10-19 00:00:00,9245168.605723055
1069,2017-10-22 00:00:00,10147786.813167527
1070,2017-10-25 00:00:00,10037300.02206939
1071,2017-10-28 00:00:00,10222239.67398939
1072,2017-10-31 00:00:00,9904229.24221839
1073,2017-11-03 00:00:00,9151439.670286456
1074,2017-11-05 23:00:00,9636352.48257898
1075,2017-11-08 23:00:00,10038726.943842974
1076,2017-11-11 23:00:00,9438552.350897446
1077,2017-11-14 23:00:00,8374026.663170229
1078,2017-11-17 23:00:00,8710769.256809773
1079,2017-11-20 23:00:00,10367656.401319752
1080,2017-11-23 23:00:00,10571133.769943774
1081,2017-11-26 23:00:00,10466026.600491593
1082,2017-11-29 23:00:00,10675597.38249016
1083,2017-12-02 23:00:00,11124893.200882029
1084,2017-12-05 23:00:00,11660571.635318296
1085,2017-12-08 23:00:00,12250080.260484828
1086,2017-12-11 23:00:00,13045585.147711342
1087,2017-12-14 23:00:00,13466860.989525383
1088,2017-12-17 23:00:00,13817089.756870428
1089,2017-12-20 23:00:00,14113591.517251628
1090,2017-12-23 23:00:00,13848863.35113877
1091,2017-12-26 23:00:00,13182080.716287086
1092,2017-12-29 23:00:00,13807265.170036314
1093,2018-01-01 23:00:00,14403625.439522544
1094,2018-01-04 23:00:00,15259817.611418003
1095,2018-01-07 23:00:00,15428139.724953618
1096,2018-01-10 23:00:00,15592706.54868646
1097,2018-01-13 23:00:00,16468932.15134146
1098,2018-01-16 23:00:00,17062630.20071296
1099,2018-01-19 23:00:00,17687863.11522236
1100,2018-01-22 23:00:00,18921900.076749504
1101,2018-01-25 23:00:00,19532771.52981132
1102,2018-01-28 23:00:00,19835912.442741893
1103,2018-01-31 23:00:00,19594807.84689165
1104,2018-02-03 23:00:00,19890578.531373043
1105,2018-02-06 23:00:00,21327603.83546641
1106,2018-02-09 23:00:00,21410144.29262484
1107,2018-02-12 23:00:00,21169737.4354076
1108,2018-02-15 23:00:00,21822998.378448155
1109,2018-02-18 23:00:00,22619160.152778827
1110,2018-02-21 23:00:00,22155981.443510767
1111,2018-02-24 23:00:00,22674608.8891066
1112,2018-02-27 23:00:00,23129455.071288917
1113,2018-03-02 23:00:00,23343023.446831755
1114,2018-03-05 23:00:00,24069842.792463057
1115,2018-03-08 23:00:00,24918422.5805921
1116,2018-03-12 00:00:00,24840322.333639424
1117,2018-03-15 00:00:00,24863690.463774543
1118,2018-03-18 00:00:00,24887058.59390969
1119,2018-03-21 00:00:00,24504394.823239304
1120,2018-03-24 00:00:00,24653093.04215949
1121,2018-03-27 00:00:00,24490774.31523525
1122,2018-03-30 00:00:00,24908789.539491277
1123,2018-04-02 00:00:00,25653102.32381051
1124,2018-04-05 00:00:00,26526747.478073098
1125,2018-04-08 00:00:00,27476916.425880525
1126,2018-04-11 00:00:00,27252513.29717552
1127,2018-04-14 00:00:00,28224926.85489724
1128,2018-04-17 00:00:00,28081059.67228455
1129,2018-04-20 00:00:00,29770217.79215049
1130,2018-04-23 00:00:00,29909466.519146387
1131,2018-04-26 00:00:00,29146052.606169093
1132,2018-04-29 00:00:00,27778760.672412448
1133,2018-05-02 00:00:00,28362730.68046656
1134,2018-05-05 00:00:00,29362271.603808276
1135,2018-05-08 00:00:00,29562209.250915933
1136,2018-05-11 00:00:00,29676459.334977467
1137,2018-05-14 00:00:00,30171351.48208328
1138,2018-05-17 00:00:00,30795200.338413674
1139,2018-05-20 00:00:00,30575293.6611207
1140,2018-05-23 00:00:00,31340411.69306404
1141,2018-05-26 00:00:00,32357235.30874434
1142,2018-05-29 00:00:00,33709958.186741255
1143,2018-06-01 00:00:00,34898238.8104217
1144,2018-06-04 00:00:00,34255939.93661024
1145,2018-06-07 00:00:00,36806214.50141673
1146,2018-06-10 00:00:00,37002587.20624813
1147,2018-06-13 00:00:00,34735390.61421154
1148,2018-06-16 00:00:00,35226598.15825088
1149,2018-06-19 00:00:00,37928239.65046732
1150,2018-06-22 00:00:00,39762894.31503469
1151,2018-06-25 00:00:00,40441645.50409455
1152,2018-06-28 00:00:00,38798076.90988413
1153,2018-07-01 00:00:00,37644230.75643031
1154,2018-07-04 00:00:00,35642491.797167465
1155,2018-07-07 00:00:00,36590525.800866805
1156,2018-07-10 00:00:00,37975716.11703958
1157,2018-07-13 00:00:00,39423135.58789968
1158,2018-07-16 00:00:00,36947286.49300744
1159,2018-07-19 00:00:00,37766752.6719309
1160,2018-07-22 00:00:00,38873815.39954954
1161,2018-07-25 00:00:00,42035153.3565106
1162,2018-07-28 00:00:00,42402914.97817736
1163,2018-07-31 00:00:00,42742938.88575507
1164,2018-08-03 00:00:00,43330461.804432616
1165,2018-08-06 00:00:00,45883210.79622877
1166,2018-08-09 00:00:00,46221208.66581733
1167,2018-08-12 00:00:00,46521092.49404175
1168,2018-08-15 00:00:00,47856434.09623907
1169,2018-08-18 00:00:00,48862992.05777389
1170,2018-08-21 00:00:00,48186682.03718505
1171,2018-08-24 00:00:00,48277429.08433604
1172,2018-08-27 00:00:00,49000382.03378043
1173,2018-08-30 00:00:00,51007110.45970806
1174,2018-09-02 00:00:00,53028219.010679886
1175,2018-09-05 00:00:00,48394221.49353039
1176,2018-09-08 00:00:00,47988724.25098981
1177,2018-09-11 00:00:00,49347584.82553477
1178,2018-09-14 00:00:00,52636033.18979827
1179,2018-09-17 00:00:00,49996152.174999416
1180,2018-09-20 00:00:00,49447839.43928157
1181,2018-09-23 00:00:00,51389369.56576641
1182,2018-09-26 00:00:00,54374065.72895808
1183,2018-09-29 00:00:00,53740253.39560951
1184,2018-10-02 00:00:00,54756137.20270987
1185,2018-10-05 00:00:00,54016485.12247145
1186,2018-10-08 00:00:00,51211672.00732196
1187,2018-10-11 00:00:00,50515184.98661472
1188,2018-10-14 00:00:00,52041213.86551923
1189,2018-10-17 00:00:00,52252978.72356815
1190,2018-10-20 00:00:00,51051519.74677629
1191,2018-10-23 00:00:00,51214865.43842773
1192,2018-10-26 00:00:00,50090631.11163218
1193,2018-10-29 00:00:00,49886595.95435465
1194,2018-11-01 00:00:00,51977956.31644927
1195,2018-11-04 00:00:00,54123853.76932581
1196,2018-11-06 23:00:00,51832813.4970715
1197,2018-11-09 23:00:00,47652507.45419569
1198,2018-11-12 23:00:00,47091289.48631972
1199,2018-11-15 23:00:00,47244348.93210407
1200,2018-11-18 23:00:00,45715818.24939446
1201,2018-11-21 23:00:00,42714092.64834462
1202,2018-11-24 23:00:00,41389434.84916742
1203,2018-11-27 23:00:00,40822456.2895898
1204,2018-11-30 23:00:00,39499506.31724198
1205,2018-12-03 23:00:00,37757484.09876072
1206,2018-12-06 23:00:00,37191010.29589566
1207,2018-12-09 23:00:00,35969936.15414296
1208,2018-12-12 23:00:00,35005336.7349416
1209,2018-12-15 23:00:00,37010224.2913529
1210,2018-12-18 23:00:00,38029757.87999838
1211,2018-12-21 23:00:00,37486502.685146056
1212,2018-12-24 23:00:00,38725392.663230754
1213,2018-12-27 23:00:00,41086085.89495204
1214,2018-12-30 23:00:00,40723454.95148379
1215,2019-01-02 23:00:00,41499587.17874795
1216,2019-01-05 23:00:00,42762992.71688324
1217,2019-01-08 23:00:00,42653392.38469466
1218,2019-01-11 23:00:00,43172095.94035512
1219,2019-01-14 23:00:00,42592390.902812645
1220,2019-01-17 23:00:00,39460857.63369904
1221,2019-01-20 23:00:00,40467000.623602085
1222,2019-01-23 23:00:00,40991036.14625532
1223,2019-01-26 23:00:00,43163853.55665825
1224,2019-01-29 23:00:00,42667170.64818568
1225,2019-02-01 23:00:00,42571473.89819092
1226,2019-02-04 23:00:00,42283653.505950816
1227,2019-02-07 23:00:00,44265699.764042266
1228,2019-02-10 23:00:00,44881391.034194775
1229,2019-02-13 23:00:00,44306824.50785983
1230,2019-02-16 23:00:00,42190406.28864557
1231,2019-02-19 23:00:00,44810549.229871765
1232,2019-02-22 23:00:00,44380092.46493542
1233,2019-02-25 23:00:00,42628200.62640033
1234,2019-02-28 23:00:00,44684496.38070919
1235,2019-03-03 23:00:00,44628180.420195125
1236,2019-03-06 23:00:00,43291490.9583342
1237,2019-03-09 23:00:00,42515348.6901569
1238,2019-03-13 00:00:00,42034451.38454939
1239,2019-03-16 00:00:00,43189370.051839
1240,2019-03-19 00:00:00,45511523.434795454
1241,2019-03-22 00:00:00,47450934.94480095
1242,2019-03-25 00:00:00,47511942.70877224
1243,2019-03-28 00:00:00,45660541.98314704
1244,2019-03-31 00:00:00,45880050.97829993
1245,2019-04-03 00:00:00,45891071.5288277
1246,2019-04-06 00:00:00,45800467.24150524
1247,2019-04-09 00:00:00,46463226.7833075
1248,2019-04-12 00:00:00,46415319.08793086
1249,2019-04-15 00:00:00,45082048.60023052
1250,2019-04-18 00:00:00,45082048.60023051
1251,2019-04-21 00:00:00,44582650.27736791
1252,2019-04-24 00:00:00,44471034.3204465
1253,2019-04-27 00:00:00,45158438.97473426
1254,2019-04-30 00:00:00,46740007.61317945
1255,2019-05-03 00:00:00,50033463.74808496
1256,2019-05-06 00:00:00,48827339.21153391
1257,2019-05-09 00:00:00,47908384.96530413
1258,2019-05-12 00:00:00,45881810.26580114
1259,2019-05-15 00:00:00,49213476.98634686
1260,2019-05-18 00:00:00,50117786.52478069
1261,2019-05-21 00:00:00,51172297.31357712
1262,2019-05-24 00:00:00,52656109.68334539
1263,2019-05-27 00:00:00,52231162.979515456
1264,2019-05-30 00:00:00,53373868.45946839
1265,2019-06-02 00:00:00,53764035.52740507
1266,2019-06-05 00:00:00,51549891.83897489
1267,2019-06-08 00:00:00,54563917.45259507
1268,2019-06-11 00:00:00,55994233.735333
1269,2019-06-14 00:00:00,53557398.58696468
1270,2019-06-17 00:00:00,54248595.79111904
1271,2019-06-20 00:00:00,56304637.07335661
1272,2019-06-23 00:00:00,53722574.62708885
1273,2019-06-26 00:00:00,57826747.81113677
1274,2019-06-29 00:00:00,59739282.9536638
1275,2019-07-02 00:00:00,59910359.24671196
1276,2019-07-05 00:00:00,63617010.316239394
1277,2019-07-08 00:00:00,65363801.56495811
1278,2019-07-11 00:00:00,66436142.991435766
1279,2019-07-14 00:00:00,64282328.42397343
1280,2019-07-17 00:00:00,65398734.02913995
1281,2019-07-20 00:00:00,62180292.393847644
1282,2019-07-23 00:00:00,65527471.69455163
1283,2019-07-26 00:00:00,66422512.0674627
1284,2019-07-29 00:00:00,69400228.24262597
1285,2019-08-01 00:00:00,71948489.15970056
1286,2019-08-04 00:00:00,72972666.94133331
1287,2019-08-07 00:00:00,74077368.96597405
1288,2019-08-10 00:00:00,74566507.44960836
1289,2019-08-13 00:00:00,73747045.07134312
1290,2019-08-16 00:00:00,74456151.2739522
1291,2019-08-19 00:00:00,70938762.01502922
1292,2019-08-22 00:00:00,72283871.8608038
1293,2019-08-25 00:00:00,74482723.32512149
1294,2019-08-28 00:00:00,73547109.00246467
1295,2019-08-31 00:00:00,76873723.56894779
1296,2019-09-03 00:00:00,78440212.48352496
1297,2019-09-06 00:00:00,81396021.79746328
1298,2019-09-09 00:00:00,84070180.80035755
1299,2019-09-12 00:00:00,88889490.52776657
1300,2019-09-15 00:00:00,89554384.74609981
1301,2019-09-18 00:00:00,89597236.24816692
1302,2019-09-21 00:00:00,91702566.29484172
1303,2019-09-24 00:00:00,90098193.58802588
1304,2019-09-27 00:00:00,91434682.17080024
1305,2019-09-30 00:00:00,89341776.99429794
1306,2019-10-03 00:00:00,91433868.6440188
1307,2019-10-06 00:00:00,91428958.51224542
1308,2019-10-09 00:00:00,96593924.45396784
1309,2019-10-12 00:00:00,98269788.05675264
1310,2019-10-15 00:00:00,94280759.19669506
1311,2019-10-18 00:00:00,93485053.29452874
1312,2019-10-21 00:00:00,95055454.38742112
1313,2019-10-24 00:00:00,101132725.05483378
1314,2019-10-27 00:00:00,99339894.79783738
1315,2019-10-30 00:00:00,92695122.52125238
1316,2019-11-02 00:00:00,89256768.1250417
1317,2019-11-04 23:00:00,90715212.04865348
1318,2019-11-07 23:00:00,91861270.49919157
1319,2019-11-10 23:00:00,92339819.41656034
1320,2019-11-13 23:00:00,90699368.88504884
1321,2019-11-16 23:00:00,95931202.11533114
1322,2019-11-19 23:00:00,94937564.42863752
1323,2019-11-22 23:00:00,90641806.33248484
1324,2019-11-25 23:00:00,90238982.020373
1325,2019-11-28 23:00:00,90747073.1583127
1326,2019-12-01 23:00:00,87522557.86842345
1327,2019-12-04 23:00:00,95261394.56415763
1328,2019-12-07 23:00:00,96880815.35477404
1329,2019-12-10 23:00:00,96761138.5169976
1330,2019-12-13 23:00:00,92907581.8474793
1331,2019-12-16 23:00:00,91170136.91135515
1332,2019-12-19 23:00:00,92925415.7375964
1333,2019-12-22 23:00:00,99947585.9399815
1334,2019-12-25 23:00:00,96857362.7365599
1335,2019-12-28 23:00:00,94344814.30099222
1336,2019-12-31 23:00:00,97011480.59215084
1337,2020-01-03 23:00:00,103031751.9698384
1338,2020-01-06 23:00:00,105477457.15335812
1339,2020-01-09 23:00:00,108770686.24796285
1340,2020-01-12 23:00:00,105144996.70636413
1341,2020-01-15 23:00:00,104842225.07092445
1342,2020-01-18 23:00:00,106104409.8345753
1343,2020-01-21 23:00:00,110810185.47842276
1344,2020-01-24 23:00:00,110600317.70289543
1345,2020-01-27 23:00:00,110810185.47842276
1346,2020-01-30 23:00:00,111739680.95495509
1347,2020-02-02 23:00:00,111681439.2305468
1348,2020-02-05 23:00:00,113456448.3565329
1349,2020-02-08 23:00:00,109282832.6377059
1350,2020-02-11 23:00:00,109340676.42941175
1351,2020-02-14 23:00:00,107932589.65855002
1352,2020-02-17 23:00:00,111150618.92552446
1353,2020-02-20 23:00:00,109631870.48581052
1354,2020-02-23 23:00:00,112391988.07105252
1355,2020-02-26 23:00:00,109315034.29177237
1356,2020-02-29 23:00:00,110892855.15019846
1357,2020-03-03 23:00:00,116468614.68224476
1358,2020-03-06 23:00:00,121307726.15157305
1359,2020-03-10 00:00:00,121936055.96162646
1360,2020-03-13 00:00:00,116070927.61330412
1361,2020-03-16 00:00:00,108109035.40066276
1362,2020-03-19 00:00:00,101680788.74892049
1363,2020-03-22 00:00:00,94157585.88194844
1364,2020-03-25 00:00:00,95333086.32991289
1365,2020-03-28 00:00:00,100386175.7558384
1366,2020-03-31 00:00:00,100495620.10857132
1367,2020-04-03 00:00:00,104035696.2502867
1368,2020-04-06 00:00:00,106308080.8787355
1369,2020-04-09 00:00:00,104926817.65001218
1370,2020-04-12 00:00:00,110999326.6368086
1371,2020-04-15 00:00:00,115878648.73909876
1372,2020-04-18 00:00:00,115054068.8189836
1373,2020-04-21 00:00:00,113800073.51850416
1374,2020-04-24 00:00:00,109962750.66907205
1375,2020-04-27 00:00:00,111554966.88776174
1376,2020-04-30 00:00:00,113216514.46699288
1377,2020-05-03 00:00:00,113443174.15561531
1378,2020-05-06 00:00:00,119472293.06066506
1379,2020-05-09 00:00:00,121853507.63821308
1380,2020-05-12 00:00:00,121087434.47597235
1381,2020-05-15 00:00:00,111966037.38110098
1382,2020-05-18 00:00:00,101672938.9497433
1383,2020-05-21 00:00:00,93625665.17859995
1384,2020-05-24 00:00:00,90689768.70048092
1385,2020-05-27 00:00:00,90471236.69303168
1386,2020-05-30 00:00:00,94602038.01431304
1387,2020-06-02 00:00:00,103202223.2883414
1388,2020-06-05 00:00:00,105288528.1766404
1389,2020-06-08 00:00:00,110815623.43783526
1390,2020-06-11 00:00:00,114994337.8583901
1391,2020-06-14 00:00:00,112245343.37726866
1392,2020-06-17 00:00:00,110570811.73739882
1393,2020-06-20 00:00:00,105926966.55685537
1394,2020-06-23 00:00:00,108235120.84612934
1395,2020-06-26 00:00:00,112767411.26182596
1396,2020-06-29 00:00:00,115793972.0014575
1397,2020-07-02 00:00:00,117362562.8620576
1398,2020-07-05 00:00:00,121956640.86329532
1399,2020-07-08 00:00:00,125990398.0247752
1400,2020-07-11 00:00:00,124533213.70598333
1401,2020-07-14 00:00:00,123224185.9661429
1402,2020-07-17 00:00:00,121358766.0340192
1403,2020-07-20 00:00:00,115473898.09459306
1404,2020-07-23 00:00:00,113943058.68242148
1405,2020-07-26 00:00:00,120718051.36083578
1406,2020-07-29 00:00:00,126940916.2450892
1407,2020-08-01 00:00:00,124781881.42071432
1408,2020-08-04 00:00:00,122154894.82121404
1409,2020-08-07 00:00:00,122394179.62987462
1410,2020-08-10 00:00:00,124667385.31214993
1411,2020-08-13 00:00:00,126347972.69387735
1412,2020-08-16 00:00:00,129075393.19033508
1413,2020-08-19 00:00:00,125649847.98439696
1414,2020-08-22 00:00:00,121798511.64771044
1415,2020-08-25 00:00:00,123297691.91400088
1416,2020-08-28 00:00:00,122017801.8251035
1417,2020-08-31 00:00:00,122462847.34276728
1418,2020-09-03 00:00:00,126308447.33092047
1419,2020-09-06 00:00:00,122193759.51066346
1420,2020-09-09 00:00:00,127930089.15456907
1421,2020-09-12 00:00:00,131873589.68471669
1422,2020-09-15 00:00:00,136485692.07769784
1423,2020-09-18 00:00:00,139811606.95684758
1424,2020-09-21 00:00:00,139904505.85300225
1425,2020-09-24 00:00:00,136974413.0675965
1426,2020-09-27 00:00:00,138914905.99167845
1427,2020-09-30 00:00:00,139905644.7434772
1428,2020-10-03 00:00:00,135516448.04564264
1429,2020-10-06 00:00:00,137953248.43701744
1430,2020-10-09 00:00:00,140918695.23724535
1431,2020-10-12 00:00:00,138141088.9005937
1432,2020-10-15 00:00:00,144034012.33583727
1433,2020-10-18 00:00:00,146484944.0374199
1434,2020-10-21 00:00:00,139371646.13118583
1435,2020-10-24 00:00:00,133536442.03601234
1436,2020-10-27 00:00:00,130791599.99852994
1437,2020-10-30 00:00:00,116022515.95960796
1438,2020-11-01 23:00:00,108779984.36359818
1439,2020-11-04 23:00:00,115107145.4793848
1440,2020-11-07 23:00:00,121130852.4218934
1441,2020-11-10 23:00:00,128159204.24421576
1442,2020-11-13 23:00:00,126609372.00684384
1443,2020-11-16 23:00:00,124869930.27180228
1444,2020-11-19 23:00:00,128602936.80096644
1445,2020-11-22 23:00:00,141076183.18505344
1446,2020-11-25 23:00:00,135709930.523598
1447,2020-11-28 23:00:00,133710520.86579175
1448,2020-12-01 23:00:00,131996845.77838089
1449,2020-12-04 23:00:00,133409747.66795124
1450,2020-12-07 23:00:00,137948518.46795613
1451,2020-12-10 23:00:00,134275333.06496322
1452,2020-12-13 23:00:00,134533587.6076591
1453,2020-12-16 23:00:00,132373208.74072967
1454,2020-12-19 23:00:00,136823648.10098034
1455,2020-12-22 23:00:00,134839542.57012355
1456,2020-12-25 23:00:00,134176614.63221736
1457,2020-12-28 23:00:00,134096925.47590554
1458,2020-12-31 23:00:00,142734576.90930292
1459,2021-01-03 23:00:00,146350014.08380795
1460,2021-01-06 23:00:00,149387454.0462804
1461,2021-01-09 23:00:00,148690226.43303117
1462,2021-01-12 23:00:00,151697118.4842938
1463,2021-01-15 23:00:00,153019188.22568032
1464,2021-01-18 23:00:00,150294161.27559942
1465,2021-01-21 23:00:00,146196559.994473
1466,2021-01-24 23:00:00,146698957.5340704
1467,2021-01-27 23:00:00,148549580.94715503
1468,2021-01-30 23:00:00,150095785.47639352
1469,2021-02-02 23:00:00,146546722.56857732
1470,2021-02-05 23:00:00,152461827.41493767
1471,2021-02-08 23:00:00,165861253.11216184
1472,2021-02-11 23:00:00,160711290.00435206
1473,2021-02-14 23:00:00,156021048.95022506
1474,2021-02-17 23:00:00,150236853.96475333
1475,2021-02-20 23:00:00,151777617.95629352
1476,2021-02-23 23:00:00,149558390.99271905
1477,2021-02-26 23:00:00,154427502.27930498
1478,2021-03-01 23:00:00,154118955.82120448
1479,2021-03-04 23:00:00,151187764.46924964
1480,2021-03-07 23:00:00,153716875.77834648
1481,2021-03-10 23:00:00,155778275.39534613
1482,2021-03-13 23:00:00,154598952.23605472
1483,2021-03-17 00:00:00,156579037.33858544
1484,2021-03-20 00:00:00,157420617.6912914
1485,2021-03-23 00:00:00,160766785.10844684
1486,2021-03-26 00:00:00,166720074.39596337
1487,2021-03-29 00:00:00,166457523.79884627
1488,2021-04-01 00:00:00,164904748.39027494
1489,2021-04-04 00:00:00,162156064.84321755
1490,2021-04-07 00:00:00,164631661.9987059
1491,2021-04-10 00:00:00,167595961.66382885
1492,2021-04-13 00:00:00,169731988.62621096
1493,2021-04-16 00:00:00,172130189.21775606
1494,2021-04-19 00:00:00,150787954.8145779
1495,2021-04-22 00:00:00,136207676.021627
1496,2021-04-25 00:00:00,146198398.6654064
1497,2021-04-28 00:00:00,154236798.5920267
1498,2021-05-01 00:00:00,159260798.54616436
1499,2021-05-04 00:00:00,167961731.4564108
1500,2021-05-07 00:00:00,174317609.61284044
1501,2021-05-10 00:00:00,177672590.27902648
1502,2021-05-13 00:00:00,178989767.63694343
1503,2021-05-16 00:00:00,176179075.04398838
1504,2021-05-19 00:00:00,160228122.6394345
1505,2021-05-22 00:00:00,146384382.44060782
1506,2021-05-25 00:00:00,143716380.33051172
1507,2021-05-28 00:00:00,148163050.51400527
1508,2021-05-31 00:00:00,150291730.25568312
1509,2021-06-03 00:00:00,151415069.6569138
1510,2021-06-06 00:00:00,149939087.7584659
1511,2021-06-09 00:00:00,150516054.3401892
1512,2021-06-12 00:00:00,136316426.57224676
1513,2021-06-15 00:00:00,132807547.0445812
1514,2021-06-18 00:00:00,128421919.85959908
1515,2021-06-21 00:00:00,120460802.62675633
1516,2021-06-24 00:00:00,107438013.15359342
1517,2021-06-27 00:00:00,99935754.00057565
1518,2021-06-30 00:00:00,90734870.13366713
1519,2021-07-03 00:00:00,84789683.63504931
1520,2021-07-06 00:00:00,90819460.5560025
1521,2021-07-09 00:00:00,93241612.12545456
1522,2021-07-12 00:00:00,97204622.08928394
1523,2021-07-15 00:00:00,100774571.48395856
1524,2021-07-18 00:00:00,99739876.71501002
1525,2021-07-21 00:00:00,102600064.78780988
1526,2021-07-24 00:00:00,98947054.62367477
1527,2021-07-27 00:00:00,98260624.0017384
1528,2021-07-30 00:00:00,104766021.0453318
1529,2021-08-02 00:00:00,109887906.60443932
1530,2021-08-05 00:00:00,109693176.78900112
1531,2021-08-08 00:00:00,112005260.90983884
1532,2021-08-11 00:00:00,112931775.0166298
1533,2021-08-14 00:00:00,112222868.24342497
1534,2021-08-17 00:00:00,119126461.98879574
1535,2021-08-20 00:00:00,122389629.87140332
1536,2021-08-23 00:00:00,123285733.74419063
1537,2021-08-26 00:00:00,129030251.818921
1538,2021-08-29 00:00:00,129727331.44953278
1539,2021-09-01 00:00:00,127249992.51986168
1540,2021-09-04 00:00:00,126343503.19093786
1541,2021-09-07 00:00:00,133723965.2585273
1542,2021-09-10 00:00:00,135548079.03417698
1543,2021-09-13 00:00:00,133493710.99652976
1544,2021-09-16 00:00:00,135613291.5168814
1545,2021-09-19 00:00:00,137836460.23027292
1546,2021-09-22 00:00:00,134495823.90656477
1547,2021-09-25 00:00:00,139221878.27487168
1548,2021-09-28 00:00:00,135671902.50093386
1549,2021-10-01 00:00:00,140172657.31323275
1550,2021-10-04 00:00:00,146513480.11758497
1551,2021-10-07 00:00:00,150290764.173168
1552,2021-10-10 00:00:00,141032003.29279727
1553,2021-10-13 00:00:00,138585678.44139537
1554,2021-10-16 00:00:00,146355517.70161635
1555,2021-10-19 00:00:00,144403297.8098649
1556,2021-10-22 00:00:00,146706531.95442763
1557,2021-10-25 00:00:00,150427844.64619517
1558,2021-10-28 00:00:00,155878118.1667677
1559,2021-10-31 00:00:00,159871336.19848728
1560,2021-11-03 00:00:00,157794954.1316647
1561,2021-11-06 00:00:00,159797397.10008076
1562,2021-11-08 23:00:00,162888098.87011817
1563,2021-11-11 23:00:00,162426659.4965484
1564,2021-11-14 23:00:00,161753319.40522012
1565,2021-11-17 23:00:00,167149669.97568625
1566,2021-11-20 23:00:00,166066724.20991844
1567,2021-11-23 23:00:00,157799323.12299913
1568,2021-11-26 23:00:00,156028106.23080215
1569,2021-11-29 23:00:00,156604781.32573074
1570,2021-12-02 23:00:00,156707914.0770192
1571,2021-12-05 23:00:00,167815674.28599623
1572,2021-12-08 23:00:00,180504950.22444588
1573,2021-12-11 23:00:00,180450982.45005217
1574,2021-12-14 23:00:00,176123588.11096406
1575,2021-12-17 23:00:00,168465544.6966373
1576,2021-12-20 23:00:00,167354661.33481413
1577,2021-12-23 23:00:00,177148517.28561953
1578,2021-12-26 23:00:00,178302007.20415702
1579,2021-12-29 23:00:00,174068259.95508352
1580,2022-01-01 23:00:00,172541536.0396956
1581,2022-01-04 23:00:00,177540241.8790075
1582,2022-01-07 23:00:00,181504732.7170824
1583,2022-01-10 23:00:00,174363600.71349812
1584,2022-01-13 23:00:00,180388266.9640267
1585,2022-01-16 23:00:00,193499041.2223978
1586,2022-01-19 23:00:00,198864399.25271472
1587,2022-01-22 23:00:00,191300712.3087483
1588,2022-01-25 23:00:00,193426935.944432
1589,2022-01-28 23:00:00,187692057.6444812
1590,2022-01-31 23:00:00,190151731.7869996
1591,2022-02-03 23:00:00,197909165.6210961
1592,2022-02-06 23:00:00,189714890.12531072
1593,2022-02-09 23:00:00,186075335.0385428
1594,2022-02-12 23:00:00,201293483.93231252
1595,2022-02-15 23:00:00,208875159.40998912
1596,2022-02-18 23:00:00,214208889.7646832
1597,2022-02-21 23:00:00,202437880.40399176
1598,2022-02-24 23:00:00,195430088.29567224
1599,2022-02-27 23:00:00,189074638.26979667
1600,2022-03-02 23:00:00,194437049.22912917
1601,2022-03-05 23:00:00,197313706.5635507
1602,2022-03-08 23:00:00,191084575.56227192
1603,2022-03-11 23:00:00,189973991.09227344
1604,2022-03-15 00:00:00,201321562.13589025
1605,2022-03-18 00:00:00,205592535.95527083
1606,2022-03-21 00:00:00,206648709.46885267
1607,2022-03-24 00:00:00,206338814.92802444
1608,2022-03-27 00:00:00,206846724.75080985
1609,2022-03-30 00:00:00,203922407.24726397
1610,2022-04-02 00:00:00,200055608.6937025
1611,2022-04-05 00:00:00,199831771.35150808
1612,2022-04-08 00:00:00,204228810.4583426
1613,2022-04-11 00:00:00,206664939.410132
1614,2022-04-14 00:00:00,201995692.25253567
1615,2022-04-17 00:00:00,202030821.9594844
1616,2022-04-20 00:00:00,199524647.62317377
1617,2022-04-23 00:00:00,204654855.3458653
1618,2022-04-26 00:00:00,217282921.83635452
1619,2022-04-29 00:00:00,217205475.8142033
1620,2022-05-02 00:00:00,222006266.70131093
1621,2022-05-05 00:00:00,223221125.2327668
1622,2022-05-08 00:00:00,225336965.2823664
1623,2022-05-11 00:00:00,222405823.2016665
1624,2022-05-14 00:00:00,224124125.5157015
1625,2022-05-17 00:00:00,223040112.45069075
1626,2022-05-20 00:00:00,217933951.85147908
1627,2022-05-23 00:00:00,211276091.81528312
1628,2022-05-26 00:00:00,206058024.37013596
1629,2022-05-29 00:00:00,211274193.34738085
1630,2022-06-01 00:00:00,217388515.3323396
1631,2022-06-04 00:00:00,212527786.45089927
1632,2022-06-07 00:00:00,209130738.91522053
1633,2022-06-10 00:00:00,226569564.11309776
1634,2022-06-13 00:00:00,227742430.28560156
1635,2022-06-16 00:00:00,218926817.1295411
1636,2022-06-19 00:00:00,205163245.1292556
1637,2022-06-22 00:00:00,207098747.4417957
1638,2022-06-25 00:00:00,209415032.50849795
1639,2022-06-28 00:00:00,208122956.69561455
1640,2022-07-01 00:00:00,214611394.1624176
1641,2022-07-04 00:00:00,216501318.3771552
1642,2022-07-07 00:00:00,207051697.30346757
1643,2022-07-10 00:00:00,204913526.098668
1644,2022-07-13 00:00:00,205957831.904181
1645,2022-07-16 00:00:00,193984899.91383395
1646,2022-07-19 00:00:00,192535706.42461643
1647,2022-07-22 00:00:00,195940740.74745545
1648,2022-07-25 00:00:00,197350729.2216937
1649,2022-07-28 00:00:00,207414031.52091783
1650,2022-07-31 00:00:00,204524174.398568
1651,2022-08-03 00:00:00,201377648.63859004
1652,2022-08-06 00:00:00,197183586.16781405
1653,2022-08-09 00:00:00,208015065.72776815
1654,2022-08-12 00:00:00,209085147.63459492
1655,2022-08-15 00:00:00,200281562.47103304
1656,2022-08-18 00:00:00,197680503.21816245
1657,2022-08-21 00:00:00,205797516.6853986
1658,2022-08-24 00:00:00,213782300.8189288
1659,2022-08-27 00:00:00,220062436.44399637
1660,2022-08-30 00:00:00,224693210.49542537
1661,2022-09-02 00:00:00,223038282.22668257
1662,2022-09-05 00:00:00,223665601.19640848
1663,2022-09-08 00:00:00,225042111.4337651
1664,2022-09-11 00:00:00,228781814.1653135
1665,2022-09-14 00:00:00,231125783.80316097
1666,2022-09-17 00:00:00,230215892.75063857
1667,2022-09-20 00:00:00,225080869.65342325
1668,2022-09-23 00:00:00,228251773.5375356
1669,2022-09-26 00:00:00,222790115.94541103
1670,2022-09-29 00:00:00,223489276.66114253
1671,2022-10-02 00:00:00,240207537.6104124
1672,2022-10-05 00:00:00,248825712.31721595
