date_time,total_km
2009-01-09 23:00:00,1.0652200634920637e-07
2009-01-12 23:00:00,1.7043521015e-06
2009-01-15 23:00:00,4.3176919906e-06
2009-01-18 23:00:00,5.5533472643e-06
2009-01-21 23:00:00,5.6811736719e-06
2009-01-24 23:00:00,5.610159001e-06
2009-01-27 23:00:00,6.1569719669e-06
2009-01-30 23:00:00,6.8032054721e-06
2009-02-02 23:00:00,5.8303044808e-06
2009-02-05 23:00:00,6.1995807695e-06
2009-02-08 23:00:00,6.3629145125e-06
2009-02-11 23:00:00,6.3629145125e-06
2009-02-14 23:00:00,6.4126247822e-06
2009-02-17 23:00:00,6.2279866378e-06
2009-02-20 23:00:00,6.1995807695e-06
2009-02-23 23:00:00,5.8587103492e-06
2009-02-26 23:00:00,5.5391443301e-06
2009-03-01 23:00:00,5.3403032516e-06
2009-03-04 23:00:00,5.2763900478e-06
2009-03-07 23:00:00,5.375810587e-06
2009-03-11 00:00:00,5.4752311263e-06
2009-03-14 00:00:00,5.5462457972e-06
2009-03-17 00:00:00,5.6953766061e-06
2009-03-20 00:00:00,5.8090000795e-06
2009-03-23 00:00:00,5.4468252579e-06
2009-03-26 00:00:00,5.4326223238e-06
2009-03-29 00:00:00,5.610159001e-06
2009-04-01 00:00:00,5.7379854086e-06
2009-04-04 00:00:00,5.7450868757e-06
2009-04-07 00:00:00,5.7521883428e-06
2009-04-10 00:00:00,5.4823325934e-06
2009-04-13 00:00:00,5.375810587e-06
2009-04-16 00:00:00,5.6314634023e-06
2009-04-19 00:00:00,5.8871162175e-06
2009-04-22 00:00:00,5.9013191517e-06
2009-04-25 00:00:00,5.6456663365e-06
2009-04-28 00:00:00,5.4894340605e-06
2009-05-01 00:00:00,5.8303044808e-06
2009-05-04 00:00:00,5.9439279542e-06
2009-05-07 00:00:00,6.2705954404e-06
2009-05-10 00:00:00,5.9581308884e-06
2009-05-13 00:00:00,5.532042863e-06
2009-05-16 00:00:00,5.610159001e-06
2009-05-19 00:00:00,6.2563925062e-06
2009-05-22 00:00:00,5.6740722048e-06
2009-05-25 00:00:00,4.2821846552e-06
2009-05-28 00:00:00,4.4384169312e-06
2009-05-31 00:00:00,5.3900135212e-06
2009-06-03 00:00:00,5.0988533705e-06
2009-06-06 00:00:00,4.0975465108e-06
2009-06-09 00:00:00,2.7198618954e-06
2009-06-12 00:00:00,3.0323264474e-06
2009-06-15 00:00:00,4.0975465108e-06
2009-06-18 00:00:00,3.9768215703e-06
2009-06-21 00:00:00,3.9342127678e-06
2009-06-24 00:00:00,3.9768215703e-06
2009-06-27 00:00:00,3.9981259716e-06
2009-06-30 00:00:00,3.8063863602e-06
2009-07-03 00:00:00,3.8560966298e-06
2009-07-06 00:00:00,4.0478362412e-06
2009-07-09 00:00:00,3.9555171691e-06
2009-07-12 00:00:00,3.9768215703e-06
2009-07-15 00:00:00,3.9058068994e-06
2009-07-18 00:00:00,3.4655159398e-06
2009-07-21 00:00:00,2.7127604283e-06
2009-07-24 00:00:00,2.8689927043e-06
2009-07-27 00:00:00,3.0181235132e-06
2009-07-30 00:00:00,2.4642090802e-06
2009-08-02 00:00:00,1.4344963521e-06
2009-08-05 00:00:00,1.3066699445e-06
2009-08-08 00:00:00,2.7482677638e-06
2009-08-11 00:00:00,4.1259523792e-06
2009-08-14 00:00:00,3.9200098336e-06
2009-08-17 00:00:00,2.9968191119e-06
2009-08-20 00:00:00,1.7469609041e-06
2009-08-23 00:00:00,8.095672482539633e-07
2009-08-26 00:00:00,9.800024584126937e-07
2009-08-29 00:00:00,1.5552212926e-06
2009-09-01 00:00:00,3.2524719271e-06
2009-09-04 00:00:00,3.8205892943e-06
2009-09-07 00:00:00,3.6004438146e-06
2009-09-10 00:00:00,3.323486598e-06
2009-09-13 00:00:00,3.3660954006e-06
2009-09-16 00:00:00,3.3021821968e-06
2009-09-19 00:00:00,3.5507335449e-06
2009-09-22 00:00:00,3.5649364791e-06
2009-09-25 00:00:00,3.1814572562e-06
2009-09-28 00:00:00,3.5507335449e-06
2009-10-01 00:00:00,4.424213997e-06
2009-10-04 00:00:00,4.0123289058e-06
2009-10-07 00:00:00,3.3021821968e-06
2009-10-10 00:00:00,2.9613117765e-06
2009-10-13 00:00:00,3.2524719271e-06
2009-10-16 00:00:00,3.4655159398e-06
2009-10-19 00:00:00,3.1104425853e-06
2009-10-22 00:00:00,3.9910245045e-06
2009-10-25 00:00:00,4.2963875894e-06
2009-10-28 00:00:00,3.7992848931e-06
2009-10-31 00:00:00,3.2240660588e-06
2009-11-02 23:00:00,2.4784120143e-06
2009-11-05 23:00:00,2.4997164156e-06
2009-11-08 23:00:00,2.9187029739e-06
2009-11-11 23:00:00,3.2950807297e-06
2009-11-14 23:00:00,3.5365306107e-06
2009-11-17 23:00:00,4.111749445e-06
2009-11-20 23:00:00,4.2892861223e-06
2009-11-23 23:00:00,4.2466773197e-06
2009-11-26 23:00:00,4.4029095957e-06
2009-11-29 23:00:00,4.0620391754e-06
2009-12-02 23:00:00,3.7424731564e-06
2009-12-05 23:00:00,3.4229071373e-06
2009-12-08 23:00:00,4.2750831881e-06
2009-12-11 23:00:00,4.9142152262e-06
2009-12-14 23:00:00,5.3545061858e-06
2009-12-17 23:00:00,5.922623553e-06
2009-12-20 23:00:00,7.8329182002e-06
2009-12-23 23:00:00,9.00466027e-06
2009-12-26 23:00:00,8.1169768838e-06
2009-12-29 23:00:00,7.8116137989e-06
2010-01-01 23:00:00,8.0440611649e-06
2010-01-04 23:00:00,8.7921330819e-06
2010-01-07 23:00:00,9.467163022e-06
2010-01-10 23:00:00,1.01139878248e-05
2010-01-13 23:00:00,9.7398436071e-06
2010-01-16 23:00:00,9.8675386741e-06
2010-01-19 23:00:00,8.8786058351e-06
2010-01-22 23:00:00,9.0268915276e-06
2010-01-25 23:00:00,1.01213484382e-05
2010-01-28 23:00:00,1.13406705674e-05
2010-01-31 23:00:00,1.27343231681e-05
2010-02-03 23:00:00,1.25624957191e-05
2010-02-06 23:00:00,1.518648707e-05
2010-02-09 23:00:00,1.82535118009e-05
2010-02-12 23:00:00,1.73320276004e-05
2010-02-15 23:00:00,1.83410997852e-05
2010-02-18 23:00:00,2.27060833146e-05
2010-02-21 23:00:00,2.57771330357e-05
2010-02-24 23:00:00,2.93352419612e-05
2010-02-27 23:00:00,3.12106253506e-05
2010-03-02 23:00:00,3.28936020238e-05
2010-03-05 23:00:00,3.28130462638e-05
2010-03-08 23:00:00,3.2758596059e-05
2010-03-11 23:00:00,3.28890424018e-05
2010-03-15 00:00:00,3.15337813713e-05
2010-03-18 00:00:00,2.99249149748e-05
2010-03-21 00:00:00,3.18555546506e-05
2010-03-24 00:00:00,3.76755730451e-05
2010-03-27 00:00:00,4.24112555012e-05
2010-03-30 00:00:00,4.27935475017e-05
2010-04-02 00:00:00,4.61956912802e-05
2010-04-05 00:00:00,4.86871855914e-05
2010-04-08 00:00:00,5.06921497922e-05
2010-04-11 00:00:00,5.54026735154e-05
2010-04-14 00:00:00,6.63305456308e-05
2010-04-17 00:00:00,7.56770855822e-05
2010-04-20 00:00:00,8.13544254126e-05
2010-04-23 00:00:00,8.77124635859e-05
2010-04-26 00:00:00,8.80559516131e-05
2010-04-29 00:00:00,9.4276788303e-05
2010-05-02 00:00:00,9.43582017644e-05
2010-05-05 00:00:00,9.16474388369e-05
2010-05-08 00:00:00,9.10532490723e-05
2010-05-11 00:00:00,8.98793304881e-05
2010-05-14 00:00:00,8.43131993614e-05
2010-05-17 00:00:00,7.5279642287e-05
2010-05-20 00:00:00,8.44956954639e-05
2010-05-23 00:00:00,9.91217248497e-05
2010-05-26 00:00:00,0.0001140503915308
2010-05-29 00:00:00,0.0001209726118583
2010-06-01 00:00:00,0.00012975954946
2010-06-04 00:00:00,0.0001273558193348
2010-06-07 00:00:00,0.0001177838011399
2010-06-10 00:00:00,0.0001246289519075
2010-06-13 00:00:00,0.00013044555393
2010-06-16 00:00:00,0.0001383942676078
2010-06-19 00:00:00,0.0001338025276842
2010-06-22 00:00:00,0.0001391101925277
2010-06-25 00:00:00,0.0001448111032428
2010-06-28 00:00:00,0.0001510045812381
2010-07-01 00:00:00,0.0001604021362052
2010-07-04 00:00:00,0.0001722531531414
2010-07-07 00:00:00,0.0001836171399137
2010-07-10 00:00:00,0.0001890967054239
2010-07-13 00:00:00,0.0002593523509672
2010-07-16 00:00:00,0.0008051616205265
2010-07-19 00:00:00,0.0019491891674936
2010-07-22 00:00:00,0.0021401113334004
2010-07-25 00:00:00,0.0016618093426223
2010-07-28 00:00:00,0.0019047134581419
2010-07-31 00:00:00,0.00205318329859
2010-08-03 00:00:00,0.0023551416024063
2010-08-06 00:00:00,0.0026811847697497
2010-08-09 00:00:00,0.0028924219591447
2010-08-12 00:00:00,0.0031941166587798
2010-08-15 00:00:00,0.0037537927160652
2010-08-18 00:00:00,0.0041804133085296
2010-08-21 00:00:00,0.0041489626631502
2010-08-24 00:00:00,0.0042558155488151
2010-08-27 00:00:00,0.005113520475818
2010-08-30 00:00:00,0.0053945172943548
2010-09-02 00:00:00,0.0052493097350025
2010-09-05 00:00:00,0.0050821523528234
2010-09-08 00:00:00,0.0050821523528234
2010-09-11 00:00:00,0.0053258603324063
2010-09-14 00:00:00,0.0056449366806124
2010-09-17 00:00:00,0.0063433480908862
2010-09-20 00:00:00,0.0073931772101341
2010-09-23 00:00:00,0.0082805412076122
2010-09-26 00:00:00,0.0093271790138005
2010-09-29 00:00:00,0.0096726300883857
2010-10-02 00:00:00,0.0099985761081577
2010-10-05 00:00:00,0.009442610182379
2010-10-08 00:00:00,0.0092521180601006
2010-10-11 00:00:00,0.0101323803046851
2010-10-14 00:00:00,0.0108797555534154
2010-10-17 00:00:00,0.0124036242633209
2010-10-20 00:00:00,0.0153738400326244
2010-10-23 00:00:00,0.0182114274438053
2010-10-26 00:00:00,0.0193034305122178
2010-10-29 00:00:00,0.0212893847337194
2010-11-01 00:00:00,0.0246596431538504
2010-11-04 00:00:00,0.0267556195971192
2010-11-07 00:00:00,0.0296623773681249
2010-11-09 23:00:00,0.0367572012043691
2010-11-12 23:00:00,0.042542166929811
2010-11-15 23:00:00,0.0487731567447337
2010-11-18 23:00:00,0.0497073849782854
2010-11-21 23:00:00,0.0497627742894136
2010-11-24 23:00:00,0.0526048581982559
2010-11-27 23:00:00,0.0566649936377225
2010-11-30 23:00:00,0.0657374032287834
2010-12-03 23:00:00,0.0716445488822359
2010-12-06 23:00:00,0.0842721784846025
2010-12-09 23:00:00,0.0919593615458256
2010-12-12 23:00:00,0.097883711882719
2010-12-15 23:00:00,0.1004788607960761
2010-12-18 23:00:00,0.103103500104942
2010-12-21 23:00:00,0.1075408659322434
2010-12-24 23:00:00,0.1071203266653641
2010-12-27 23:00:00,0.1118733700469456
2010-12-30 23:00:00,0.1153047174160693
2011-01-02 23:00:00,0.121784821963092
2011-01-05 23:00:00,0.1229575187728584
2011-01-08 23:00:00,0.1272569941367796
2011-01-11 23:00:00,0.1290085670121621
2011-01-14 23:00:00,0.1388521291270937
2011-01-17 23:00:00,0.1474989301055537
2011-01-20 23:00:00,0.1535724277219221
2011-01-23 23:00:00,0.1552881092924001
2011-01-26 23:00:00,0.1585614674140781
2011-01-29 23:00:00,0.1657244171090486
2011-02-01 23:00:00,0.1765375081363502
2011-02-04 23:00:00,0.1788303106797395
2011-02-07 23:00:00,0.1944623308440525
2011-02-10 23:00:00,0.2183003923041614
2011-02-13 23:00:00,0.2406414287066065
2011-02-16 23:00:00,0.2590261934781887
2011-02-19 23:00:00,0.2995966995434735
2011-02-22 23:00:00,0.34017995077385
2011-02-25 23:00:00,0.3731018281134246
2011-02-28 23:00:00,0.4685931451535433
2011-03-03 23:00:00,0.4856543018411199
2011-03-06 23:00:00,0.5459629456636573
2011-03-09 23:00:00,0.6164523364390773
2011-03-12 23:00:00,0.5726000381572202
2011-03-16 00:00:00,0.4772320120956325
2011-03-19 00:00:00,0.4788552502320124
2011-03-22 00:00:00,0.4875125202927042
2011-03-25 00:00:00,0.5156486479899524
2011-03-28 00:00:00,0.5460359578851073
2011-03-31 00:00:00,0.5456088645050555
2011-04-03 00:00:00,0.5838934132467589
2011-04-06 00:00:00,0.6225910471783813
2011-04-09 00:00:00,0.6287465999294106
2011-04-12 00:00:00,0.647467219438023
2011-04-15 00:00:00,0.6830170617890744
2011-04-18 00:00:00,0.6812627371440682
2011-04-21 00:00:00,0.6652195386031396
2011-04-24 00:00:00,0.7264473346421355
2011-04-27 00:00:00,0.7810618231767925
2011-04-30 00:00:00,0.8263122562575635
2011-05-03 00:00:00,0.9232774460793436
2011-05-06 00:00:00,1.051478516297838
2011-05-09 00:00:00,1.1082592126308075
2011-05-12 00:00:00,1.2901019680834165
2011-05-15 00:00:00,1.4722499703691792
2011-05-18 00:00:00,1.6902457444311665
2011-05-21 00:00:00,2.0916245378691234
2011-05-24 00:00:00,2.598869617733605
2011-05-27 00:00:00,3.246951882980952
2011-05-30 00:00:00,3.67349153963795
2011-06-02 00:00:00,3.661153943996296
2011-06-05 00:00:00,3.90047872908568
2011-06-08 00:00:00,4.7607425337761935
2011-06-11 00:00:00,5.499008107004173
2011-06-14 00:00:00,6.062811078865173
2011-06-17 00:00:00,7.705129377365814
2011-06-20 00:00:00,8.644156779775026
2011-06-23 00:00:00,9.559463434228777
2011-06-26 00:00:00,11.240486395744622
2011-06-29 00:00:00,11.576946991870845
2011-07-02 00:00:00,11.331991962913545
2011-07-05 00:00:00,11.65520348821703
2011-07-08 00:00:00,11.166740299534288
2011-07-11 00:00:00,11.106488198983916
2011-07-14 00:00:00,11.77687917946552
2011-07-17 00:00:00,12.143172311343337
2011-07-20 00:00:00,12.687062113222504
2011-07-23 00:00:00,12.45482359540666
2011-07-26 00:00:00,12.855571652689804
2011-07-29 00:00:00,13.652915100919374
2011-08-01 00:00:00,13.857048396183773
2011-08-04 00:00:00,14.232809239908477
2011-08-07 00:00:00,13.767242476971232
2011-08-10 00:00:00,12.675433013454583
2011-08-13 00:00:00,12.782738266478528
2011-08-16 00:00:00,12.943696146014489
2011-08-19 00:00:00,12.613399207187244
2011-08-22 00:00:00,12.858922587096172
2011-08-25 00:00:00,13.592512566270488
2011-08-28 00:00:00,13.27193443970749
2011-08-31 00:00:00,12.028091308643107
2011-09-03 00:00:00,12.287055727826337
2011-09-06 00:00:00,12.87016799910685
2011-09-09 00:00:00,12.700555819144848
2011-09-12 00:00:00,12.586932556349302
2011-09-15 00:00:00,12.146189727010745
2011-09-18 00:00:00,11.944308251326174
2011-09-21 00:00:00,12.179374952927116
2011-09-24 00:00:00,12.254171523774144
2011-09-27 00:00:00,12.141976667503588
2011-09-30 00:00:00,11.655237542660002
2011-10-03 00:00:00,11.347533030673414
2011-10-06 00:00:00,11.049009216586883
2011-10-09 00:00:00,11.013018958552417
2011-10-12 00:00:00,10.4851618407133
2011-10-15 00:00:00,9.82534044341441
2011-10-18 00:00:00,9.317272701017956
2011-10-21 00:00:00,9.300634480621946
2011-10-24 00:00:00,8.466189304511873
2011-10-27 00:00:00,8.361925889431673
2011-10-30 00:00:00,8.37235223093969
2011-11-02 00:00:00,8.32725229251725
2011-11-05 00:00:00,8.526276317127564
2011-11-07 23:00:00,8.512159883134881
2011-11-10 23:00:00,8.72581851473967
2011-11-13 23:00:00,8.409603739964579
2011-11-16 23:00:00,8.445602465262771
2011-11-19 23:00:00,8.439707497531762
2011-11-22 23:00:00,7.926500581362212
2011-11-25 23:00:00,7.621635174386742
2011-11-28 23:00:00,7.39298611915514
2011-12-01 23:00:00,7.932839134788684
2011-12-04 23:00:00,8.230114335065688
2011-12-07 23:00:00,8.481521249478806
2011-12-10 23:00:00,8.249150804287602
2011-12-13 23:00:00,7.9362833840583695
2011-12-16 23:00:00,7.642399829239243
2011-12-19 23:00:00,7.907177914484403
2011-12-22 23:00:00,8.16965684940505
2011-12-25 23:00:00,8.505957984772126
2011-12-28 23:00:00,8.844789593815593
2011-12-31 23:00:00,8.917107933413472
2012-01-03 23:00:00,8.58316359954815
2012-01-06 23:00:00,9.019735260561635
2012-01-09 23:00:00,9.461307725013755
2012-01-12 23:00:00,9.768831316260558
2012-01-15 23:00:00,9.388501173564086
2012-01-18 23:00:00,9.37961895864113
2012-01-21 23:00:00,9.406265603410004
2012-01-24 23:00:00,9.333958282281818
2012-01-27 23:00:00,9.576555798470467
2012-01-30 23:00:00,9.686121881783322
2012-02-02 23:00:00,10.020446318738449
2012-02-05 23:00:00,10.201525979451665
2012-02-08 23:00:00,10.08324074275993
2012-02-11 23:00:00,9.679950634686362
2012-02-14 23:00:00,9.836710968851332
2012-02-17 23:00:00,9.738735759998226
2012-02-20 23:00:00,10.05485599511255
2012-02-23 23:00:00,10.494780658121597
2012-02-26 23:00:00,10.389512472671203
2012-02-29 23:00:00,11.005259684127727
2012-03-03 23:00:00,10.517507284680343
2012-03-06 23:00:00,10.380180397562624
2012-03-09 23:00:00,10.630744226929323
2012-03-13 00:00:00,11.630034184260682
2012-03-16 00:00:00,11.268588880545078
2012-03-19 00:00:00,11.262359104582533
2012-03-22 00:00:00,11.362408739244293
2012-03-25 00:00:00,11.512575333499449
2012-03-28 00:00:00,11.565775774042418
2012-03-31 00:00:00,11.82900503977281
2012-04-03 00:00:00,11.687124826239224
2012-04-06 00:00:00,11.296795865307033
2012-04-09 00:00:00,10.580639072209854
2012-04-12 00:00:00,11.054226628935412
2012-04-15 00:00:00,11.230435127292177
2012-04-18 00:00:00,10.540588349718032
2012-04-21 00:00:00,10.73486966036565
2012-04-24 00:00:00,11.418405202413991
2012-04-27 00:00:00,11.36237769896741
2012-04-30 00:00:00,11.170240345434609
2012-05-03 00:00:00,11.96521691750582
2012-05-06 00:00:00,12.266613895083912
2012-05-09 00:00:00,12.427311893709485
2012-05-12 00:00:00,12.643426184799896
2012-05-15 00:00:00,12.368565671816183
2012-05-18 00:00:00,11.028251243200405
2012-05-21 00:00:00,11.520583887986165
2012-05-24 00:00:00,11.32365083007187
2012-05-27 00:00:00,10.79952111568779
2012-05-30 00:00:00,10.935916830795732
2012-06-02 00:00:00,11.18597681440548
2012-06-05 00:00:00,11.502347875823007
2012-06-08 00:00:00,11.830017903719735
2012-06-11 00:00:00,12.037097903264025
2012-06-14 00:00:00,12.011524922557523
2012-06-17 00:00:00,12.265987950842174
2012-06-20 00:00:00,12.69321759532613
2012-06-23 00:00:00,12.334991206213417
2012-06-26 00:00:00,12.51723202067376
2012-06-29 00:00:00,12.763862978263033
2012-07-02 00:00:00,12.481856399492573
2012-07-05 00:00:00,12.534480552513616
2012-07-08 00:00:00,13.14301116928896
2012-07-11 00:00:00,13.544869552321574
2012-07-14 00:00:00,13.544869552321575
2012-07-17 00:00:00,13.010039992404378
2012-07-20 00:00:00,13.79249216082005
2012-07-23 00:00:00,13.756259387924418
2012-07-26 00:00:00,13.73126462090366
2012-07-29 00:00:00,14.844610400976933
2012-08-01 00:00:00,15.401451051586545
2012-08-04 00:00:00,15.543241904864988
2012-08-07 00:00:00,14.998496759650218
2012-08-10 00:00:00,15.72166439512033
2012-08-13 00:00:00,16.239378176441402
2012-08-16 00:00:00,17.16315850909434
2012-08-19 00:00:00,17.129757206272657
2012-08-22 00:00:00,17.798766797434983
2012-08-25 00:00:00,17.829883522605343
2012-08-28 00:00:00,18.03195131995537
2012-08-31 00:00:00,18.54599769402943
2012-09-03 00:00:00,18.75337888974597
2012-09-06 00:00:00,19.152018182226687
2012-09-09 00:00:00,20.637486812578
2012-09-12 00:00:00,21.35228907868737
2012-09-15 00:00:00,19.954355670345272
2012-09-18 00:00:00,20.566569842398057
2012-09-21 00:00:00,20.992844131836023
2012-09-24 00:00:00,22.13229005864728
2012-09-27 00:00:00,21.94642792222307
2012-09-30 00:00:00,21.80405072532265
2012-10-03 00:00:00,21.437937933293
2012-10-06 00:00:00,21.135591569257457
2012-10-09 00:00:00,21.26974887681514
2012-10-12 00:00:00,21.97433723378296
2012-10-15 00:00:00,22.4081839708764
2012-10-18 00:00:00,22.208977931245027
2012-10-21 00:00:00,22.63454363415556
2012-10-24 00:00:00,22.996163219837083
2012-10-27 00:00:00,22.996163219837065
2012-10-30 00:00:00,23.93433686163308
2012-11-02 00:00:00,24.456806621414565
2012-11-04 23:00:00,23.88593547708805
2012-11-07 23:00:00,24.14628574544725
2012-11-10 23:00:00,25.178779985291435
2012-11-13 23:00:00,24.36685165084413
2012-11-16 23:00:00,23.55039313762543
2012-11-19 23:00:00,23.444725202546017
2012-11-22 23:00:00,24.497345517762376
2012-11-25 23:00:00,24.664807840637703
2012-11-28 23:00:00,25.956520871232183
2012-12-01 23:00:00,26.182662731194004
2012-12-04 23:00:00,25.276044264100573
2012-12-07 23:00:00,23.420025554852614
2012-12-10 23:00:00,22.10127541933432
2012-12-13 23:00:00,22.78033607116103
2012-12-16 23:00:00,21.3459510760655
2012-12-19 23:00:00,20.774048096928446
2012-12-22 23:00:00,21.133046623949102
2012-12-25 23:00:00,21.635644561778037
2012-12-28 23:00:00,23.309716644502128
2012-12-31 23:00:00,23.296847089742045
2013-01-03 23:00:00,23.65664675745907
2013-01-06 23:00:00,22.85257468520197
2013-01-09 23:00:00,22.475567955692554
2013-01-12 23:00:00,21.861217637373823
2013-01-15 23:00:00,21.299673585170314
2013-01-18 23:00:00,20.60737650222868
2013-01-21 23:00:00,21.16121416858198
2013-01-24 23:00:00,22.01504723754331
2013-01-27 23:00:00,22.1280258041677
2013-01-30 23:00:00,22.30539592093269
2013-02-02 23:00:00,23.42283561349563
2013-02-05 23:00:00,24.872657597110777
2013-02-08 23:00:00,25.144633562305398
2013-02-11 23:00:00,25.237755302874408
2013-02-14 23:00:00,25.005149263216577
2013-02-17 23:00:00,27.30794905582909
2013-02-20 23:00:00,29.595101305725716
2013-02-23 23:00:00,30.77256205682517
2013-02-26 23:00:00,31.294539501040965
2013-03-01 23:00:00,32.12481165972719
2013-03-04 23:00:00,33.41230617178565
2013-03-07 23:00:00,34.08914211257267
2013-03-11 00:00:00,35.360893547163656
2013-03-14 00:00:00,34.46136204464808
2013-03-17 00:00:00,38.22467565887819
2013-03-20 00:00:00,42.98902391425168
2013-03-23 00:00:00,47.85131533255679
2013-03-26 00:00:00,52.65649086106915
2013-03-29 00:00:00,53.68090656911035
2013-04-01 00:00:00,52.400309364417744
2013-04-04 00:00:00,59.67548843225432
2013-04-07 00:00:00,59.22531030867792
2013-04-10 00:00:00,60.2629944671468
2013-04-13 00:00:00,64.73359302008411
2013-04-16 00:00:00,63.80727056104252
2013-04-19 00:00:00,66.69336865081573
2013-04-22 00:00:00,68.01745473127586
2013-04-25 00:00:00,70.29492658910178
2013-04-28 00:00:00,73.92757465399642
2013-05-01 00:00:00,75.22107936937616
2013-05-04 00:00:00,73.8857531736754
2013-05-07 00:00:00,75.27739833987982
2013-05-10 00:00:00,80.35790716319875
2013-05-13 00:00:00,85.00907721271605
2013-05-16 00:00:00,86.7451090243878
2013-05-19 00:00:00,86.38343730779688
2013-05-22 00:00:00,82.703224256852
2013-05-25 00:00:00,85.56327812164227
2013-05-28 00:00:00,94.27157206955177
2013-05-31 00:00:00,99.52252389225704
2013-06-03 00:00:00,108.66058008902614
2013-06-06 00:00:00,123.88331782075822
2013-06-09 00:00:00,132.34272101304796
2013-06-12 00:00:00,136.53379666567224
2013-06-15 00:00:00,139.19354595136727
2013-06-18 00:00:00,143.4983814914287
2013-06-21 00:00:00,137.7097321140257
2013-06-24 00:00:00,149.97211993255254
2013-06-27 00:00:00,157.52566077164616
2013-06-30 00:00:00,160.357189250226
2013-07-03 00:00:00,168.03751387262224
2013-07-06 00:00:00,175.29954315245422
2013-07-09 00:00:00,187.87505056961413
2013-07-12 00:00:00,203.8510744098401
2013-07-15 00:00:00,209.21208398452316
2013-07-18 00:00:00,218.30889074982292
2013-07-21 00:00:00,222.0247867625858
2013-07-24 00:00:00,237.8693024997337
2013-07-27 00:00:00,247.218014528148
2013-07-30 00:00:00,249.05065184870207
2013-08-02 00:00:00,278.5726988147245
2013-08-05 00:00:00,298.2627314366096
2013-08-08 00:00:00,324.0868070225849
2013-08-11 00:00:00,355.03165698679044
2013-08-14 00:00:00,395.3663822031165
2013-08-17 00:00:00,417.64607194077456
2013-08-20 00:00:00,449.9524543737449
2013-08-23 00:00:00,479.5403463213367
2013-08-26 00:00:00,510.1153164276665
2013-08-29 00:00:00,540.642312281752
2013-09-01 00:00:00,584.5862041650807
2013-09-04 00:00:00,661.1613938480466
2013-09-07 00:00:00,725.4965436960509
2013-09-10 00:00:00,723.487776940836
2013-09-13 00:00:00,796.3840345041799
2013-09-16 00:00:00,895.8337966934439
2013-09-19 00:00:00,935.2841392249852
2013-09-22 00:00:00,1003.7840543369236
2013-09-25 00:00:00,1082.9670195794365
2013-09-28 00:00:00,1244.7440028901103
2013-10-01 00:00:00,1285.2374816335432
2013-10-04 00:00:00,1327.3843201087675
2013-10-07 00:00:00,1465.746415865673
2013-10-10 00:00:00,1563.787432295817
2013-10-13 00:00:00,1697.6924724543298
2013-10-16 00:00:00,1998.787574457316
2013-10-19 00:00:00,2338.404231494972
2013-10-22 00:00:00,2628.205872683148
2013-10-25 00:00:00,2810.0987232674456
2013-10-28 00:00:00,3154.2651073280254
2013-10-31 00:00:00,3374.437282351972
2013-11-03 00:00:00,3678.422493900333
2013-11-05 23:00:00,3825.5593936563455
2013-11-08 23:00:00,3802.868954489952
2013-11-11 23:00:00,3933.395133073541
2013-11-14 23:00:00,4295.967252239636
2013-11-17 23:00:00,4826.5324820488295
2013-11-20 23:00:00,4837.318485408744
2013-11-23 23:00:00,4981.782593281007
2013-11-26 23:00:00,4999.095478053488
2013-11-29 23:00:00,5370.127722771562
2013-12-02 23:00:00,5747.665809673451
2013-12-05 23:00:00,6234.333071786506
2013-12-08 23:00:00,6445.325810718848
2013-12-11 23:00:00,7078.181464205418
2013-12-14 23:00:00,7626.345870173981
2013-12-17 23:00:00,8114.884684697727
2013-12-20 23:00:00,9005.070762987305
2013-12-23 23:00:00,9414.272755427746
2013-12-26 23:00:00,9731.244641570196
2013-12-29 23:00:00,9770.02459601524
2014-01-01 23:00:00,10323.519551669317
2014-01-04 23:00:00,10582.920396900516
2014-01-07 23:00:00,11760.629686481998
2014-01-10 23:00:00,12813.236259515295
2014-01-13 23:00:00,14305.126955430444
2014-01-16 23:00:00,15285.627659730502
2014-01-19 23:00:00,15605.92598039062
2014-01-22 23:00:00,15821.968929630577
2014-01-25 23:00:00,16994.944758477523
2014-01-28 23:00:00,17732.347652035136
2014-01-31 23:00:00,17822.991987249763
2014-02-03 23:00:00,19271.88906313633
2014-02-06 23:00:00,20656.48075033565
2014-02-09 23:00:00,21087.885125929508
2014-02-12 23:00:00,21315.11098354659
2014-02-15 23:00:00,22134.20695147328
2014-02-18 23:00:00,24359.788480755164
2014-02-21 23:00:00,26123.495970465363
2014-02-24 23:00:00,27225.087107952782
2014-02-27 23:00:00,27313.985351570595
2014-03-02 23:00:00,29032.720982763483
2014-03-05 23:00:00,29164.00876656257
2014-03-08 23:00:00,29671.474494862923
2014-03-12 00:00:00,31486.989372630807
2014-03-15 00:00:00,32057.97613093392
2014-03-18 00:00:00,33824.370643244554
2014-03-21 00:00:00,33714.16825697453
2014-03-24 00:00:00,36430.61869844965
2014-03-27 00:00:00,38996.44354061911
2014-03-30 00:00:00,41705.37043345701
2014-04-02 00:00:00,41778.36544537938
2014-04-05 00:00:00,44836.18623542418
2014-04-08 00:00:00,47780.19966251466
2014-04-11 00:00:00,48128.63571174965
2014-04-14 00:00:00,49108.70776622058
2014-04-17 00:00:00,52541.97140651387
2014-04-20 00:00:00,55940.88978172549
2014-04-23 00:00:00,55738.05725338113
2014-04-26 00:00:00,56994.02461229938
2014-04-29 00:00:00,57043.58463370138
2014-05-02 00:00:00,59124.32789950368
2014-05-05 00:00:00,60375.43246252085
2014-05-08 00:00:00,62954.26662221349
2014-05-11 00:00:00,63920.17143500918
2014-05-14 00:00:00,67604.47014495586
2014-05-17 00:00:00,71358.15180252657
2014-05-20 00:00:00,74314.99306149459
2014-05-23 00:00:00,76704.13835450374
2014-05-26 00:00:00,77693.3119072989
2014-05-29 00:00:00,79388.73573701018
2014-06-01 00:00:00,79597.02104263773
2014-06-04 00:00:00,86799.36343175698
2014-06-07 00:00:00,88537.81467555478
2014-06-10 00:00:00,87321.39742462565
2014-06-13 00:00:00,88915.5363535424
2014-06-16 00:00:00,95511.148909345
2014-06-19 00:00:00,105251.71695701474
2014-06-22 00:00:00,113782.95901423584
2014-06-25 00:00:00,118931.46261857284
2014-06-28 00:00:00,122564.4172644777
2014-07-01 00:00:00,124527.46991473656
2014-07-04 00:00:00,120435.86874224569
2014-07-07 00:00:00,118958.00693112356
2014-07-10 00:00:00,125885.28042711284
2014-07-13 00:00:00,128751.738425453
2014-07-16 00:00:00,128806.15627597684
2014-07-19 00:00:00,134448.47987745813
2014-07-22 00:00:00,138379.33175975113
2014-07-25 00:00:00,133947.25351833558
2014-07-28 00:00:00,131646.20681174673
2014-07-31 00:00:00,138928.45083802432
2014-08-03 00:00:00,145962.67675063573
2014-08-06 00:00:00,142370.1587266913
2014-08-09 00:00:00,142042.10679820742
2014-08-12 00:00:00,156186.90539780844
2014-08-15 00:00:00,168551.64590601003
2014-08-18 00:00:00,166590.11386720347
2014-08-21 00:00:00,173869.3809595736
2014-08-24 00:00:00,185549.64738442973
2014-08-27 00:00:00,187620.01062273973
2014-08-30 00:00:00,191175.9855533152
2014-09-02 00:00:00,205492.2852240124
2014-09-05 00:00:00,210825.0290594278
2014-09-08 00:00:00,214261.87164215933
2014-09-11 00:00:00,212119.25292573773
2014-09-14 00:00:00,215235.7892405328
2014-09-17 00:00:00,230941.5696626661
2014-09-20 00:00:00,251183.75303059025
2014-09-23 00:00:00,256320.190379556
2014-09-26 00:00:00,242339.08908612563
2014-09-29 00:00:00,237192.7421188844
2014-10-02 00:00:00,244492.45359017776
2014-10-05 00:00:00,247623.8573426998
2014-10-08 00:00:00,262392.6758720853
2014-10-11 00:00:00,262629.4035253776
2014-10-14 00:00:00,254597.33284852465
2014-10-17 00:00:00,258511.7331420516
2014-10-20 00:00:00,255280.33647777612
2014-10-23 00:00:00,257517.45724535157
2014-10-26 00:00:00,261957.99668838008
2014-10-29 00:00:00,269178.88971104537
2014-11-01 00:00:00,277528.21229768166
2014-11-03 23:00:00,289794.6526202308
2014-11-06 23:00:00,298142.20850664045
2014-11-09 23:00:00,290766.3525813445
2014-11-12 23:00:00,286306.5269183879
2014-11-15 23:00:00,285462.7945207893
2014-11-18 23:00:00,287993.9917135846
2014-11-21 23:00:00,281806.1040828413
2014-11-24 23:00:00,286019.93679089606
2014-11-27 23:00:00,280465.55231544265
2014-11-30 23:00:00,291626.93654024095
2014-12-03 23:00:00,285903.1497582931
2014-12-06 23:00:00,286699.9065059102
2014-12-09 23:00:00,277260.33042566705
2014-12-12 23:00:00,286100.5156178536
2014-12-15 23:00:00,289225.7446861719
2014-12-18 23:00:00,274761.5610297493
2014-12-21 23:00:00,271171.9834029166
2014-12-24 23:00:00,277685.48804549273
2014-12-27 23:00:00,297019.7954876107
2014-12-30 23:00:00,309909.3337823561
2015-01-02 23:00:00,318714.7260085566
2015-01-05 23:00:00,323459.8597767038
2015-01-08 23:00:00,316894.2242005534
2015-01-11 23:00:00,302463.70397284144
2015-01-14 23:00:00,297101.57323095674
2015-01-17 23:00:00,306288.2272489208
2015-01-20 23:00:00,312263.310981595
2015-01-23 23:00:00,303519.9382741104
2015-01-26 23:00:00,282598.2964383434
2015-01-29 23:00:00,296921.43842116377
2015-02-01 23:00:00,317069.20147820935
2015-02-04 23:00:00,315666.4982573728
2015-02-07 23:00:00,324459.4369274946
2015-02-10 23:00:00,325783.7946852596
2015-02-13 23:00:00,318705.1169759844
2015-02-16 23:00:00,324853.9349558609
2015-02-19 23:00:00,338744.67658662656
2015-02-22 23:00:00,345058.6500551564
2015-02-25 23:00:00,338305.85808544967
2015-02-28 23:00:00,335436.4235284754
2015-03-03 23:00:00,347109.3574442462
2015-03-06 23:00:00,337495.05814540834
2015-03-10 00:00:00,336202.54370972834
2015-03-13 00:00:00,346865.6791348593
2015-03-16 00:00:00,337478.8310799632
2015-03-19 00:00:00,326027.453578248
2015-03-22 00:00:00,333100.36321166024
2015-03-25 00:00:00,342699.2978060493
2015-03-28 00:00:00,361125.72885981074
2015-03-31 00:00:00,363944.16603336256
2015-04-03 00:00:00,349346.5878150692
2015-04-06 00:00:00,346632.80941706506
2015-04-09 00:00:00,345894.1291124136
2015-04-12 00:00:00,344119.0778654283
2015-04-15 00:00:00,342714.5102006714
2015-04-18 00:00:00,339554.2329549686
2015-04-21 00:00:00,346928.21319494204
2015-04-24 00:00:00,348565.8874031984
2015-04-27 00:00:00,350074.04970103607
2015-04-30 00:00:00,333033.2841708256
2015-05-03 00:00:00,338104.8570262188
2015-05-06 00:00:00,331409.44537612674
2015-05-09 00:00:00,346053.3452830632
2015-05-12 00:00:00,341721.403307448
2015-05-15 00:00:00,342398.0793536015
2015-05-18 00:00:00,365143.5210582899
2015-05-21 00:00:00,350303.9654659398
2015-05-24 00:00:00,347644.5787043501
2015-05-27 00:00:00,338632.8548296611
2015-05-30 00:00:00,337593.0405364279
2015-06-02 00:00:00,338632.85482966143
2015-06-05 00:00:00,341152.73551492824
2015-06-08 00:00:00,351645.17658567725
2015-06-11 00:00:00,362626.69722581486
2015-06-14 00:00:00,363978.520887421
2015-06-17 00:00:00,352646.7784105632
2015-06-20 00:00:00,362174.7751636253
2015-06-23 00:00:00,347242.6247790907
2015-06-26 00:00:00,359593.7344002983
2015-06-29 00:00:00,361711.0674782196
2015-07-02 00:00:00,354835.580269439
2015-07-05 00:00:00,361303.8832013378
2015-07-08 00:00:00,373630.5241199132
2015-07-11 00:00:00,373981.3509031244
2015-07-14 00:00:00,362611.5953885363
2015-07-17 00:00:00,363853.4614238876
2015-07-20 00:00:00,370334.1942002028
2015-07-23 00:00:00,367795.1742595551
2015-07-26 00:00:00,379982.6239220452
2015-07-29 00:00:00,386597.3152424763
2015-08-01 00:00:00,376078.94597712
2015-08-04 00:00:00,384246.50452746224
2015-08-07 00:00:00,377563.9566226368
2015-08-10 00:00:00,368785.4996865437
2015-08-13 00:00:00,388746.1136641017
2015-08-16 00:00:00,381356.8742491674
2015-08-19 00:00:00,365264.2877990064
2015-08-22 00:00:00,385847.82860735216
2015-08-25 00:00:00,399023.0436724837
2015-08-28 00:00:00,400167.10305827536
2015-08-31 00:00:00,407263.8701419768
2015-09-03 00:00:00,413043.39526225085
2015-09-06 00:00:00,415387.58116583165
2015-09-09 00:00:00,415620.8830386149
2015-09-12 00:00:00,431987.7009136632
2015-09-15 00:00:00,427538.38938739896
2015-09-18 00:00:00,429156.32085149473
2015-09-21 00:00:00,414405.2594535765
2015-09-24 00:00:00,410138.5050297866
2015-09-27 00:00:00,430216.7729829676
2015-09-30 00:00:00,448756.9669215088
2015-10-03 00:00:00,441993.62506882334
2015-10-06 00:00:00,453468.788130199
2015-10-09 00:00:00,430567.5198222158
2015-10-12 00:00:00,432294.9722588143
2015-10-15 00:00:00,429703.7936039166
2015-10-18 00:00:00,442884.8037179
2015-10-21 00:00:00,448285.7600076941
2015-10-24 00:00:00,442308.8660650111
2015-10-27 00:00:00,444903.0529627531
2015-10-30 00:00:00,451963.8496861559
2015-11-01 23:00:00,468259.4999243519
2015-11-04 23:00:00,477904.2707995149
2015-11-07 23:00:00,471272.8516857381
2015-11-10 23:00:00,457125.8242430142
2015-11-13 23:00:00,491295.5186716333
2015-11-16 23:00:00,513536.8349414717
2015-11-19 23:00:00,505496.3736733129
2015-11-22 23:00:00,527474.4768765004
2015-11-25 23:00:00,537269.345686539
2015-11-28 23:00:00,550227.343209118
2015-12-01 23:00:00,573246.6610989643
2015-12-04 23:00:00,558786.3849631345
2015-12-07 23:00:00,585252.0281460044
2015-12-10 23:00:00,634659.5167030301
2015-12-13 23:00:00,659486.2288171122
2015-12-16 23:00:00,687573.3765520828
2015-12-19 23:00:00,667413.1818131171
2015-12-22 23:00:00,684351.2456391791
2015-12-25 23:00:00,708085.3784967727
2015-12-28 23:00:00,750557.2287533741
2015-12-31 23:00:00,770515.4892291094
2016-01-03 23:00:00,739322.7070863631
2016-01-06 23:00:00,766473.2316355921
2016-01-09 23:00:00,812210.8065743857
2016-01-12 23:00:00,833604.1884005956
2016-01-15 23:00:00,826381.9910295875
2016-01-18 23:00:00,822925.0518379541
2016-01-21 23:00:00,809006.7386918638
2016-01-24 23:00:00,896749.7581121754
2016-01-27 23:00:00,928737.4309668764
2016-01-30 23:00:00,965900.4615187048
2016-02-02 23:00:00,995618.1718108044
2016-02-05 23:00:00,1052729.830638992
2016-02-08 23:00:00,1113096.3661353148
2016-02-11 23:00:00,1209706.7142473662
2016-02-14 23:00:00,1210727.4042139906
2016-02-17 23:00:00,1147274.2351004933
2016-02-20 23:00:00,1160506.344796532
2016-02-23 23:00:00,1126289.2851726362
2016-02-26 23:00:00,1122716.5967920024
2016-02-29 23:00:00,1123877.6273988197
2016-03-03 23:00:00,1141293.086501073
2016-03-06 23:00:00,1159514.559035056
2016-03-09 23:00:00,1182661.4746346704
2016-03-12 23:00:00,1194819.639276276
2016-03-16 00:00:00,1201570.0327185164
2016-03-19 00:00:00,1156745.272431906
2016-03-22 00:00:00,1160553.647629226
2016-03-25 00:00:00,1176445.598410569
2016-03-28 00:00:00,1201126.2753003004
2016-03-31 00:00:00,1254013.4400640118
2016-04-03 00:00:00,1220341.0579831232
2016-04-06 00:00:00,1218889.9994481034
2016-04-09 00:00:00,1246504.838070759
2016-04-12 00:00:00,1277311.9918633825
2016-04-15 00:00:00,1319607.317131885
2016-04-18 00:00:00,1313989.7857238066
2016-04-21 00:00:00,1339935.2964277354
2016-04-24 00:00:00,1320902.124601324
2016-04-27 00:00:00,1285373.537194018
2016-04-30 00:00:00,1239654.1518400884
2016-05-03 00:00:00,1309380.4892670915
2016-05-06 00:00:00,1384198.4377660155
2016-05-09 00:00:00,1404498.3231961315
2016-05-12 00:00:00,1404003.341855049
2016-05-15 00:00:00,1410311.6758111045
2016-05-18 00:00:00,1364319.776956976
2016-05-21 00:00:00,1364319.776956976
2016-05-24 00:00:00,1477438.302447847
2016-05-27 00:00:00,1502286.33102257
2016-05-30 00:00:00,1441462.0628728983
2016-06-02 00:00:00,1375776.66173109
2016-06-05 00:00:00,1361622.5808490815
2016-06-08 00:00:00,1452208.698493926
2016-06-11 00:00:00,1482798.3277158977
2016-06-14 00:00:00,1476356.5032597517
2016-06-17 00:00:00,1452193.6709485457
2016-06-20 00:00:00,1506494.2971872743
2016-06-23 00:00:00,1524578.422385463
2016-06-26 00:00:00,1536803.6434820157
2016-06-29 00:00:00,1499324.1103490442
2016-07-02 00:00:00,1579645.0448320284
2016-07-05 00:00:00,1574951.6271818082
2016-07-08 00:00:00,1554081.0534019496
2016-07-11 00:00:00,1551816.1359546129
2016-07-14 00:00:00,1521507.2270492483
2016-07-17 00:00:00,1524538.117939783
2016-07-20 00:00:00,1500475.0643218402
2016-07-23 00:00:00,1508326.0759691785
2016-07-26 00:00:00,1408466.1626519624
2016-07-29 00:00:00,1382692.2931524094
2016-08-01 00:00:00,1434240.0321515142
2016-08-04 00:00:00,1539535.4506946113
2016-08-07 00:00:00,1629641.01091823
2016-08-10 00:00:00,1547003.2939682817
2016-08-13 00:00:00,1491087.512258583
2016-08-16 00:00:00,1521477.1314671084
2016-08-19 00:00:00,1546812.846310119
2016-08-22 00:00:00,1593082.7517429232
2016-08-25 00:00:00,1676441.7329387732
2016-08-28 00:00:00,1586908.0123950825
2016-08-31 00:00:00,1589814.8359046
2016-09-03 00:00:00,1621724.9894524557
2016-09-06 00:00:00,1628830.7598156298
2016-09-09 00:00:00,1614721.5424543784
2016-09-12 00:00:00,1620992.3057260471
2016-09-15 00:00:00,1727836.8198172145
2016-09-18 00:00:00,1767828.8105885356
2016-09-21 00:00:00,1674309.4768301244
2016-09-24 00:00:00,1663083.263862871
2016-09-27 00:00:00,1804386.9344397676
2016-09-30 00:00:00,1854675.1988884744
2016-10-03 00:00:00,1803859.5758785184
2016-10-06 00:00:00,1815851.045043903
2016-10-09 00:00:00,1891426.4062822275
2016-10-12 00:00:00,1897250.873499276
2016-10-15 00:00:00,1839562.571373267
2016-10-18 00:00:00,1734916.7963550289
2016-10-21 00:00:00,1740424.4687244084
2016-10-24 00:00:00,1820178.174170574
2016-10-27 00:00:00,1833053.4605573523
2016-10-30 00:00:00,1851491.3576252167
2016-11-02 00:00:00,1912727.453110877
2016-11-05 00:00:00,1826276.4947781824
2016-11-07 23:00:00,1800654.255308608
2016-11-10 23:00:00,1895952.1788809733
2016-11-13 23:00:00,1996227.2761553747
2016-11-16 23:00:00,2064937.9976172464
2016-11-19 23:00:00,2030505.8406368385
2016-11-22 23:00:00,1985338.1054490523
2016-11-25 23:00:00,2017209.538877899
2016-11-28 23:00:00,2119270.735785414
2016-12-01 23:00:00,2107263.5361492364
2016-12-04 23:00:00,2151639.915632281
2016-12-07 23:00:00,2208481.845062525
2016-12-10 23:00:00,2136244.08071986
2016-12-13 23:00:00,2282869.031922748
2016-12-16 23:00:00,2187573.2446520803
2016-12-19 23:00:00,2182935.161392176
2016-12-22 23:00:00,2262016.178870619
2016-12-25 23:00:00,2343510.4326371374
2016-12-28 23:00:00,2380918.5854491703
2016-12-31 23:00:00,2420681.793241785
2017-01-03 23:00:00,2479403.0382490805
2017-01-06 23:00:00,2443306.178729531
2017-01-09 23:00:00,2393672.996890151
2017-01-12 23:00:00,2523147.512822688
2017-01-15 23:00:00,2641887.480416876
2017-01-18 23:00:00,2729823.9990833
2017-01-21 23:00:00,2844663.2207800555
2017-01-24 23:00:00,2952040.6727111144
2017-01-27 23:00:00,3053427.6840616013
2017-01-30 23:00:00,3044561.7015277296
2017-02-02 23:00:00,3150605.097181306
2017-02-05 23:00:00,3113197.005316728
2017-02-08 23:00:00,3030498.4575872305
2017-02-11 23:00:00,3108957.5113852997
2017-02-14 23:00:00,3222882.666093726
2017-02-17 23:00:00,3159924.027965383
2017-02-20 23:00:00,3190296.409473513
2017-02-23 23:00:00,3147790.986611596
2017-02-26 23:00:00,3399379.7914136187
2017-03-01 23:00:00,3449462.734933528
2017-03-04 23:00:00,3361582.213987116
2017-03-07 23:00:00,3321030.01541913
2017-03-10 23:00:00,3344125.478047892
2017-03-14 00:00:00,3429201.077293728
2017-03-17 00:00:00,3455378.184753985
2017-03-20 00:00:00,3561598.2231778777
2017-03-23 00:00:00,3595072.830341044
2017-03-26 00:00:00,3587653.559469174
2017-03-29 00:00:00,3618057.403193488
2017-04-01 00:00:00,3506716.603028721
2017-04-04 00:00:00,3704147.329565101
2017-04-07 00:00:00,3672333.296482463
2017-04-10 00:00:00,3789422.1841963967
2017-04-13 00:00:00,3768133.295521136
2017-04-16 00:00:00,3727936.320298501
2017-04-19 00:00:00,3636471.778448948
2017-04-22 00:00:00,3809461.380002141
2017-04-25 00:00:00,3761380.799477843
2017-04-28 00:00:00,3836567.889059681
2017-05-01 00:00:00,3821883.550069876
2017-05-04 00:00:00,3881003.7613992137
2017-05-07 00:00:00,3914364.825250784
2017-05-10 00:00:00,4073756.574763835
2017-05-13 00:00:00,4221326.561466259
2017-05-16 00:00:00,4268826.866837841
2017-05-19 00:00:00,4274860.982225618
2017-05-22 00:00:00,4274860.982225619
2017-05-25 00:00:00,4400811.960649634
2017-05-28 00:00:00,4576075.581265672
2017-05-31 00:00:00,4794765.226710832
2017-06-03 00:00:00,4837084.425534402
2017-06-06 00:00:00,5167926.409593828
2017-06-09 00:00:00,5315464.142712018
2017-06-12 00:00:00,5220268.568164632
2017-06-15 00:00:00,4969618.553811391
2017-06-18 00:00:00,4950512.174222468
2017-06-21 00:00:00,5052025.489071213
2017-06-24 00:00:00,5145067.926988111
2017-06-27 00:00:00,4988391.005832284
2017-06-30 00:00:00,4942904.157754784
2017-07-03 00:00:00,5333067.905316561
2017-07-06 00:00:00,5535157.712196701
2017-07-09 00:00:00,5611261.893314176
2017-07-12 00:00:00,5596164.327681943
2017-07-15 00:00:00,5861899.508277555
2017-07-18 00:00:00,5848067.99578062
2017-07-21 00:00:00,6016114.579447603
2017-07-24 00:00:00,6341773.203406303
2017-07-27 00:00:00,6404619.60452114
2017-07-30 00:00:00,6501258.798878653
2017-08-02 00:00:00,6350028.428756065
2017-08-05 00:00:00,6518130.266060152
2017-08-08 00:00:00,6646415.866423098
2017-08-11 00:00:00,6749801.502005899
2017-08-14 00:00:00,6519361.848771334
2017-08-17 00:00:00,6379288.902132113
2017-08-20 00:00:00,6812005.312759782
2017-08-23 00:00:00,6182599.624574085
2017-08-26 00:00:00,5496342.44614583
2017-08-29 00:00:00,5353592.710068663
2017-09-01 00:00:00,6118103.511203514
2017-09-04 00:00:00,6944362.851376359
2017-09-07 00:00:00,7539158.186311713
2017-09-10 00:00:00,7786592.785243903
2017-09-13 00:00:00,7745290.322226867
2017-09-16 00:00:00,7948423.993960397
2017-09-19 00:00:00,8052399.125350653
2017-09-22 00:00:00,7953567.898871058
2017-09-25 00:00:00,8039495.313184744
2017-09-28 00:00:00,8117852.967309351
2017-10-01 00:00:00,8141360.263546734
2017-10-04 00:00:00,8620716.497159895
2017-10-07 00:00:00,8093774.808395992
2017-10-10 00:00:00,8795148.10252713
2017-10-13 00:00:00,8874958.883856777
2017-10-16 00:00:00,8760461.40481069
2017-10-19 00:00:00,9245168.605723055
2017-10-22 00:00:00,10147786.813167527
2017-10-25 00:00:00,10037300.02206939
2017-10-28 00:00:00,10222239.67398939
2017-10-31 00:00:00,9904229.24221839
2017-11-03 00:00:00,9151439.670286456
2017-11-05 23:00:00,9636352.48257898
2017-11-08 23:00:00,10038726.943842974
2017-11-11 23:00:00,9438552.350897446
2017-11-14 23:00:00,8374026.663170229
2017-11-17 23:00:00,8710769.256809773
2017-11-20 23:00:00,10367656.401319752
2017-11-23 23:00:00,10571133.769943774
2017-11-26 23:00:00,10466026.600491593
2017-11-29 23:00:00,10675597.38249016
2017-12-02 23:00:00,11124893.200882029
2017-12-05 23:00:00,11660571.635318296
2017-12-08 23:00:00,12250080.260484828
2017-12-11 23:00:00,13045585.147711342
2017-12-14 23:00:00,13466860.989525383
2017-12-17 23:00:00,13817089.756870428
2017-12-20 23:00:00,14113591.517251628
2017-12-23 23:00:00,13848863.35113877
2017-12-26 23:00:00,13182080.716287086
2017-12-29 23:00:00,13807265.170036314
2018-01-01 23:00:00,14403625.439522544
2018-01-04 23:00:00,15259817.611418003
2018-01-07 23:00:00,15428139.724953618
2018-01-10 23:00:00,15592706.54868646
2018-01-13 23:00:00,16468932.15134146
2018-01-16 23:00:00,17062630.20071296
2018-01-19 23:00:00,17687863.11522236
2018-01-22 23:00:00,18921900.076749504
2018-01-25 23:00:00,19532771.52981132
2018-01-28 23:00:00,19835912.442741893
2018-01-31 23:00:00,19594807.84689165
2018-02-03 23:00:00,19890578.531373043
2018-02-06 23:00:00,21327603.83546641
2018-02-09 23:00:00,21410144.29262484
2018-02-12 23:00:00,21169737.4354076
2018-02-15 23:00:00,21822998.378448155
2018-02-18 23:00:00,22619160.152778827
2018-02-21 23:00:00,22155981.443510767
2018-02-24 23:00:00,22674608.8891066
2018-02-27 23:00:00,23129455.071288917
2018-03-02 23:00:00,23343023.446831755
2018-03-05 23:00:00,24069842.792463057
2018-03-08 23:00:00,24918422.5805921
2018-03-12 00:00:00,24840322.333639424
2018-03-15 00:00:00,24863690.463774543
2018-03-18 00:00:00,24887058.59390969
2018-03-21 00:00:00,24504394.823239304
2018-03-24 00:00:00,24653093.04215949
2018-03-27 00:00:00,24490774.31523525
2018-03-30 00:00:00,24908789.539491277
2018-04-02 00:00:00,25653102.32381051
2018-04-05 00:00:00,26526747.478073098
2018-04-08 00:00:00,27476916.425880525
2018-04-11 00:00:00,27252513.29717552
2018-04-14 00:00:00,28224926.85489724
2018-04-17 00:00:00,28081059.67228455
2018-04-20 00:00:00,29770217.79215049
2018-04-23 00:00:00,29909466.519146387
2018-04-26 00:00:00,29146052.606169093
2018-04-29 00:00:00,27778760.672412448
2018-05-02 00:00:00,28362730.68046656
2018-05-05 00:00:00,29362271.603808276
2018-05-08 00:00:00,29562209.250915933
2018-05-11 00:00:00,29676459.334977467
2018-05-14 00:00:00,30171351.48208328
2018-05-17 00:00:00,30795200.338413674
2018-05-20 00:00:00,30575293.6611207
2018-05-23 00:00:00,31340411.69306404
2018-05-26 00:00:00,32357235.30874434
2018-05-29 00:00:00,33709958.186741255
2018-06-01 00:00:00,34898238.8104217
2018-06-04 00:00:00,34255939.93661024
2018-06-07 00:00:00,36806214.50141673
2018-06-10 00:00:00,37002587.20624813
2018-06-13 00:00:00,34735390.61421154
2018-06-16 00:00:00,35226598.15825088
2018-06-19 00:00:00,37928239.65046732
2018-06-22 00:00:00,39762894.31503469
2018-06-25 00:00:00,40441645.50409455
2018-06-28 00:00:00,38798076.90988413
2018-07-01 00:00:00,37644230.75643031
2018-07-04 00:00:00,35642491.797167465
2018-07-07 00:00:00,36590525.800866805
2018-07-10 00:00:00,37975716.11703958
2018-07-13 00:00:00,39423135.58789968
2018-07-16 00:00:00,36947286.49300744
2018-07-19 00:00:00,37766752.6719309
2018-07-22 00:00:00,38873815.39954954
2018-07-25 00:00:00,42035153.3565106
2018-07-28 00:00:00,42402914.97817736
2018-07-31 00:00:00,42742938.88575507
2018-08-03 00:00:00,43330461.804432616
2018-08-06 00:00:00,45883210.79622877
2018-08-09 00:00:00,46221208.66581733
2018-08-12 00:00:00,46521092.49404175
2018-08-15 00:00:00,47856434.09623907
2018-08-18 00:00:00,48862992.05777389
2018-08-21 00:00:00,48186682.03718505
2018-08-24 00:00:00,48277429.08433604
2018-08-27 00:00:00,49000382.03378043
2018-08-30 00:00:00,51007110.45970806
2018-09-02 00:00:00,53028219.010679886
2018-09-05 00:00:00,48394221.49353039
2018-09-08 00:00:00,47988724.25098981
2018-09-11 00:00:00,49347584.82553477
2018-09-14 00:00:00,52636033.18979827
2018-09-17 00:00:00,49996152.174999416
2018-09-20 00:00:00,49447839.43928157
2018-09-23 00:00:00,51389369.56576641
2018-09-26 00:00:00,54374065.72895808
2018-09-29 00:00:00,53740253.39560951
2018-10-02 00:00:00,54756137.20270987
2018-10-05 00:00:00,54016485.12247145
2018-10-08 00:00:00,51211672.00732196
2018-10-11 00:00:00,50515184.98661472
2018-10-14 00:00:00,52041213.86551923
2018-10-17 00:00:00,52252978.72356815
2018-10-20 00:00:00,51051519.74677629
2018-10-23 00:00:00,51214865.43842773
2018-10-26 00:00:00,50090631.11163218
2018-10-29 00:00:00,49886595.95435465
2018-11-01 00:00:00,51977956.31644927
2018-11-04 00:00:00,54123853.76932581
2018-11-06 23:00:00,51832813.4970715
2018-11-09 23:00:00,47652507.45419569
2018-11-12 23:00:00,47091289.48631972
2018-11-15 23:00:00,47244348.93210407
2018-11-18 23:00:00,45715818.24939446
2018-11-21 23:00:00,42714092.64834462
2018-11-24 23:00:00,41389434.84916742
2018-11-27 23:00:00,40822456.2895898
2018-11-30 23:00:00,39499506.31724198
2018-12-03 23:00:00,37757484.09876072
2018-12-06 23:00:00,37191010.29589566
2018-12-09 23:00:00,35969936.15414296
2018-12-12 23:00:00,35005336.7349416
2018-12-15 23:00:00,37010224.2913529
2018-12-18 23:00:00,38029757.87999838
2018-12-21 23:00:00,37486502.685146056
2018-12-24 23:00:00,38725392.663230754
2018-12-27 23:00:00,41086085.89495204
2018-12-30 23:00:00,40723454.95148379
2019-01-02 23:00:00,41499587.17874795
2019-01-05 23:00:00,42762992.71688324
2019-01-08 23:00:00,42653392.38469466
2019-01-11 23:00:00,43172095.94035512
2019-01-14 23:00:00,42592390.902812645
2019-01-17 23:00:00,39460857.63369904
2019-01-20 23:00:00,40467000.623602085
2019-01-23 23:00:00,40991036.14625532
2019-01-26 23:00:00,43163853.55665825
2019-01-29 23:00:00,42667170.64818568
2019-02-01 23:00:00,42571473.89819092
2019-02-04 23:00:00,42283653.505950816
2019-02-07 23:00:00,44265699.764042266
2019-02-10 23:00:00,44881391.034194775
2019-02-13 23:00:00,44306824.50785983
2019-02-16 23:00:00,42190406.28864557
2019-02-19 23:00:00,44810549.229871765
2019-02-22 23:00:00,44380092.46493542
2019-02-25 23:00:00,42628200.62640033
2019-02-28 23:00:00,44684496.38070919
2019-03-03 23:00:00,44628180.420195125
2019-03-06 23:00:00,43291490.9583342
2019-03-09 23:00:00,42515348.6901569
2019-03-13 00:00:00,42034451.38454939
2019-03-16 00:00:00,43189370.051839
2019-03-19 00:00:00,45511523.434795454
2019-03-22 00:00:00,47450934.94480095
2019-03-25 00:00:00,47511942.70877224
2019-03-28 00:00:00,45660541.98314704
2019-03-31 00:00:00,45880050.97829993
2019-04-03 00:00:00,45891071.5288277
2019-04-06 00:00:00,45800467.24150524
2019-04-09 00:00:00,46463226.7833075
2019-04-12 00:00:00,46415319.08793086
2019-04-15 00:00:00,45082048.60023052
2019-04-18 00:00:00,45082048.60023051
2019-04-21 00:00:00,44582650.27736791
2019-04-24 00:00:00,44471034.3204465
2019-04-27 00:00:00,45158438.97473426
2019-04-30 00:00:00,46740007.61317945
2019-05-03 00:00:00,50033463.74808496
2019-05-06 00:00:00,48827339.21153391
2019-05-09 00:00:00,47908384.96530413
2019-05-12 00:00:00,45881810.26580114
2019-05-15 00:00:00,49213476.98634686
2019-05-18 00:00:00,50117786.52478069
2019-05-21 00:00:00,51172297.31357712
2019-05-24 00:00:00,52656109.68334539
2019-05-27 00:00:00,52231162.979515456
2019-05-30 00:00:00,53373868.45946839
2019-06-02 00:00:00,53764035.52740507
2019-06-05 00:00:00,51549891.83897489
2019-06-08 00:00:00,54563917.45259507
2019-06-11 00:00:00,55994233.735333
2019-06-14 00:00:00,53557398.58696468
2019-06-17 00:00:00,54248595.79111904
2019-06-20 00:00:00,56304637.07335661
2019-06-23 00:00:00,53722574.62708885
2019-06-26 00:00:00,57826747.81113677
2019-06-29 00:00:00,59739282.9536638
2019-07-02 00:00:00,59910359.24671196
2019-07-05 00:00:00,63617010.316239394
2019-07-08 00:00:00,65363801.56495811
2019-07-11 00:00:00,66436142.991435766
2019-07-14 00:00:00,64282328.42397343
2019-07-17 00:00:00,65398734.02913995
2019-07-20 00:00:00,62180292.393847644
2019-07-23 00:00:00,65527471.69455163
2019-07-26 00:00:00,66422512.0674627
2019-07-29 00:00:00,69400228.24262597
2019-08-01 00:00:00,71948489.15970056
2019-08-04 00:00:00,72972666.94133331
2019-08-07 00:00:00,74077368.96597405
2019-08-10 00:00:00,74566507.44960836
2019-08-13 00:00:00,73747045.07134312
2019-08-16 00:00:00,74456151.2739522
2019-08-19 00:00:00,70938762.01502922
2019-08-22 00:00:00,72283871.8608038
2019-08-25 00:00:00,74482723.32512149
2019-08-28 00:00:00,73547109.00246467
2019-08-31 00:00:00,76873723.56894779
2019-09-03 00:00:00,78440212.48352496
2019-09-06 00:00:00,81396021.79746328
2019-09-09 00:00:00,84070180.80035755
2019-09-12 00:00:00,88889490.52776657
2019-09-15 00:00:00,89554384.74609981
2019-09-18 00:00:00,89597236.24816692
2019-09-21 00:00:00,91702566.29484172
2019-09-24 00:00:00,90098193.58802588
2019-09-27 00:00:00,91434682.17080024
2019-09-30 00:00:00,89341776.99429794
2019-10-03 00:00:00,91433868.6440188
2019-10-06 00:00:00,91428958.51224542
2019-10-09 00:00:00,96593924.45396784
2019-10-12 00:00:00,98269788.05675264
2019-10-15 00:00:00,94280759.19669506
2019-10-18 00:00:00,93485053.29452874
2019-10-21 00:00:00,95055454.38742112
2019-10-24 00:00:00,101132725.05483378
2019-10-27 00:00:00,99339894.79783738
2019-10-30 00:00:00,92695122.52125238
2019-11-02 00:00:00,89256768.1250417
2019-11-04 23:00:00,90715212.04865348
2019-11-07 23:00:00,91861270.49919157
2019-11-10 23:00:00,92339819.41656034
2019-11-13 23:00:00,90699368.88504884
2019-11-16 23:00:00,95931202.11533114
2019-11-19 23:00:00,94937564.42863752
2019-11-22 23:00:00,90641806.33248484
2019-11-25 23:00:00,90238982.020373
2019-11-28 23:00:00,90747073.1583127
2019-12-01 23:00:00,87522557.86842345
2019-12-04 23:00:00,95261394.56415763
2019-12-07 23:00:00,96880815.35477404
2019-12-10 23:00:00,96761138.5169976
2019-12-13 23:00:00,92907581.8474793
2019-12-16 23:00:00,91170136.91135515
2019-12-19 23:00:00,92925415.7375964
2019-12-22 23:00:00,99947585.9399815
2019-12-25 23:00:00,96857362.7365599
2019-12-28 23:00:00,94344814.30099222
2019-12-31 23:00:00,97011480.59215084
2020-01-03 23:00:00,103031751.9698384
2020-01-06 23:00:00,105477457.15335812
2020-01-09 23:00:00,108770686.24796285
2020-01-12 23:00:00,105144996.70636413
2020-01-15 23:00:00,104842225.07092445
2020-01-18 23:00:00,106104409.8345753
2020-01-21 23:00:00,110810185.47842276
2020-01-24 23:00:00,110600317.70289543
2020-01-27 23:00:00,110810185.47842276
2020-01-30 23:00:00,111739680.95495509
2020-02-02 23:00:00,111681439.2305468
2020-02-05 23:00:00,113456448.3565329
2020-02-08 23:00:00,109282832.6377059
2020-02-11 23:00:00,109340676.42941175
2020-02-14 23:00:00,107932589.65855002
2020-02-17 23:00:00,111150618.92552446
2020-02-20 23:00:00,109631870.48581052
2020-02-23 23:00:00,112391988.07105252
2020-02-26 23:00:00,109315034.29177237
2020-02-29 23:00:00,110892855.15019846
2020-03-03 23:00:00,116468614.68224476
2020-03-06 23:00:00,121307726.15157305
2020-03-10 00:00:00,121936055.96162646
2020-03-13 00:00:00,116070927.61330412
2020-03-16 00:00:00,108109035.40066276
2020-03-19 00:00:00,101680788.74892049
2020-03-22 00:00:00,94157585.88194844
2020-03-25 00:00:00,95333086.32991289
2020-03-28 00:00:00,100386175.7558384
2020-03-31 00:00:00,100495620.10857132
2020-04-03 00:00:00,104035696.2502867
2020-04-06 00:00:00,106308080.8787355
2020-04-09 00:00:00,104926817.65001218
2020-04-12 00:00:00,110999326.6368086
2020-04-15 00:00:00,115878648.73909876
2020-04-18 00:00:00,115054068.8189836
2020-04-21 00:00:00,113800073.51850416
2020-04-24 00:00:00,109962750.66907205
2020-04-27 00:00:00,111554966.88776174
2020-04-30 00:00:00,113216514.46699288
2020-05-03 00:00:00,113443174.15561531
2020-05-06 00:00:00,119472293.06066506
2020-05-09 00:00:00,121853507.63821308
2020-05-12 00:00:00,121087434.47597235
2020-05-15 00:00:00,111966037.38110098
2020-05-18 00:00:00,101672938.9497433
2020-05-21 00:00:00,93625665.17859995
2020-05-24 00:00:00,90689768.70048092
2020-05-27 00:00:00,90471236.69303168
2020-05-30 00:00:00,94602038.01431304
2020-06-02 00:00:00,103202223.2883414
2020-06-05 00:00:00,105288528.1766404
2020-06-08 00:00:00,110815623.43783526
2020-06-11 00:00:00,114994337.8583901
2020-06-14 00:00:00,112245343.37726866
2020-06-17 00:00:00,110570811.73739882
2020-06-20 00:00:00,105926966.55685537
2020-06-23 00:00:00,108235120.84612934
2020-06-26 00:00:00,112767411.26182596
2020-06-29 00:00:00,115793972.0014575
2020-07-02 00:00:00,117362562.8620576
2020-07-05 00:00:00,121956640.86329532
2020-07-08 00:00:00,125990398.0247752
2020-07-11 00:00:00,124533213.70598333
2020-07-14 00:00:00,123224185.9661429
2020-07-17 00:00:00,121358766.0340192
2020-07-20 00:00:00,115473898.09459306
2020-07-23 00:00:00,113943058.68242148
2020-07-26 00:00:00,120718051.36083578
2020-07-29 00:00:00,126940916.2450892
2020-08-01 00:00:00,124781881.42071432
2020-08-04 00:00:00,122154894.82121404
2020-08-07 00:00:00,122394179.62987462
2020-08-10 00:00:00,124667385.31214993
2020-08-13 00:00:00,126347972.69387735
2020-08-16 00:00:00,129075393.19033508
2020-08-19 00:00:00,125649847.98439696
2020-08-22 00:00:00,121798511.64771044
2020-08-25 00:00:00,123297691.91400088
2020-08-28 00:00:00,122017801.8251035
2020-08-31 00:00:00,122462847.34276728
2020-09-03 00:00:00,126308447.33092047
2020-09-06 00:00:00,122193759.51066346
2020-09-09 00:00:00,127930089.15456907
2020-09-12 00:00:00,131873589.68471669
2020-09-15 00:00:00,136485692.07769784
2020-09-18 00:00:00,139811606.95684758
2020-09-21 00:00:00,139904505.85300225
2020-09-24 00:00:00,136974413.0675965
2020-09-27 00:00:00,138914905.99167845
2020-09-30 00:00:00,139905644.7434772
2020-10-03 00:00:00,135516448.04564264
2020-10-06 00:00:00,137953248.43701744
2020-10-09 00:00:00,140918695.23724535
2020-10-12 00:00:00,138141088.9005937
2020-10-15 00:00:00,144034012.33583727
2020-10-18 00:00:00,146484944.0374199
2020-10-21 00:00:00,139371646.13118583
2020-10-24 00:00:00,133536442.03601234
2020-10-27 00:00:00,130791599.99852994
2020-10-30 00:00:00,116022515.95960796
2020-11-01 23:00:00,108779984.36359818
2020-11-04 23:00:00,115107145.4793848
2020-11-07 23:00:00,121130852.4218934
2020-11-10 23:00:00,128159204.24421576
2020-11-13 23:00:00,126609372.00684384
2020-11-16 23:00:00,124869930.27180228
2020-11-19 23:00:00,128602936.80096644
2020-11-22 23:00:00,141076183.18505344
2020-11-25 23:00:00,135709930.523598
2020-11-28 23:00:00,133710520.86579175
2020-12-01 23:00:00,131996845.77838089
2020-12-04 23:00:00,133409747.66795124
2020-12-07 23:00:00,137948518.46795613
2020-12-10 23:00:00,134275333.06496322
2020-12-13 23:00:00,134533587.6076591
2020-12-16 23:00:00,132373208.74072967
2020-12-19 23:00:00,136823648.10098034
2020-12-22 23:00:00,134839542.57012355
2020-12-25 23:00:00,134176614.63221736
2020-12-28 23:00:00,134096925.47590554
2020-12-31 23:00:00,142734576.90930292
2021-01-03 23:00:00,146350014.08380795
2021-01-06 23:00:00,149387454.0462804
2021-01-09 23:00:00,148690226.43303117
2021-01-12 23:00:00,151697118.4842938
2021-01-15 23:00:00,153019188.22568032
2021-01-18 23:00:00,150294161.27559942
2021-01-21 23:00:00,146196559.994473
2021-01-24 23:00:00,146698957.5340704
2021-01-27 23:00:00,148549580.94715503
2021-01-30 23:00:00,150095785.47639352
2021-02-02 23:00:00,146546722.56857732
2021-02-05 23:00:00,152461827.41493767
2021-02-08 23:00:00,165861253.11216184
2021-02-11 23:00:00,160711290.00435206
2021-02-14 23:00:00,156021048.95022506
2021-02-17 23:00:00,150236853.96475333
2021-02-20 23:00:00,151777617.95629352
2021-02-23 23:00:00,149558390.99271905
2021-02-26 23:00:00,154427502.27930498
2021-03-01 23:00:00,154118955.82120448
2021-03-04 23:00:00,151187764.46924964
2021-03-07 23:00:00,153716875.77834648
2021-03-10 23:00:00,155778275.39534613
2021-03-13 23:00:00,154598952.23605472
2021-03-17 00:00:00,156579037.33858544
2021-03-20 00:00:00,157420617.6912914
2021-03-23 00:00:00,160766785.10844684
2021-03-26 00:00:00,166720074.39596337
2021-03-29 00:00:00,166457523.79884627
2021-04-01 00:00:00,164904748.39027494
2021-04-04 00:00:00,162156064.84321755
2021-04-07 00:00:00,164631661.9987059
2021-04-10 00:00:00,167595961.66382885
2021-04-13 00:00:00,169731988.62621096
2021-04-16 00:00:00,172130189.21775606
2021-04-19 00:00:00,150787954.8145779
2021-04-22 00:00:00,136207676.021627
2021-04-25 00:00:00,146198398.6654064
2021-04-28 00:00:00,154236798.5920267
2021-05-01 00:00:00,159260798.54616436
2021-05-04 00:00:00,167961731.4564108
2021-05-07 00:00:00,174317609.61284044
2021-05-10 00:00:00,177672590.27902648
2021-05-13 00:00:00,178989767.63694343
2021-05-16 00:00:00,176179075.04398838
2021-05-19 00:00:00,160228122.6394345
2021-05-22 00:00:00,146384382.44060782
2021-05-25 00:00:00,143716380.33051172
2021-05-28 00:00:00,148163050.51400527
2021-05-31 00:00:00,150291730.25568312
2021-06-03 00:00:00,151415069.6569138
2021-06-06 00:00:00,149939087.7584659
2021-06-09 00:00:00,150516054.3401892
2021-06-12 00:00:00,136316426.57224676
2021-06-15 00:00:00,132807547.0445812
2021-06-18 00:00:00,128421919.85959908
2021-06-21 00:00:00,120460802.62675633
2021-06-24 00:00:00,107438013.15359342
2021-06-27 00:00:00,99935754.00057565
2021-06-30 00:00:00,90734870.13366713
2021-07-03 00:00:00,84789683.63504931
2021-07-06 00:00:00,90819460.5560025
2021-07-09 00:00:00,93241612.12545456
2021-07-12 00:00:00,97204622.08928394
2021-07-15 00:00:00,100774571.48395856
2021-07-18 00:00:00,99739876.71501002
2021-07-21 00:00:00,102600064.78780988
2021-07-24 00:00:00,98947054.62367477
2021-07-27 00:00:00,98260624.0017384
2021-07-30 00:00:00,104766021.0453318
2021-08-02 00:00:00,109887906.60443932
2021-08-05 00:00:00,109693176.78900112
2021-08-08 00:00:00,112005260.90983884
2021-08-11 00:00:00,112931775.0166298
2021-08-14 00:00:00,112222868.24342497
2021-08-17 00:00:00,119126461.98879574
2021-08-20 00:00:00,122389629.87140332
2021-08-23 00:00:00,123285733.74419063
2021-08-26 00:00:00,129030251.818921
2021-08-29 00:00:00,129727331.44953278
2021-09-01 00:00:00,127249992.51986168
2021-09-04 00:00:00,126343503.19093786
2021-09-07 00:00:00,133723965.2585273
2021-09-10 00:00:00,135548079.03417698
2021-09-13 00:00:00,133493710.99652976
2021-09-16 00:00:00,135613291.5168814
2021-09-19 00:00:00,137836460.23027292
2021-09-22 00:00:00,134495823.90656477
2021-09-25 00:00:00,139221878.27487168
2021-09-28 00:00:00,135671902.50093386
2021-10-01 00:00:00,140172657.31323275
2021-10-04 00:00:00,146513480.11758497
2021-10-07 00:00:00,150290764.173168
2021-10-10 00:00:00,141032003.29279727
2021-10-13 00:00:00,138585678.44139537
2021-10-16 00:00:00,146355517.70161635
2021-10-19 00:00:00,144403297.8098649
2021-10-22 00:00:00,146706531.95442763
2021-10-25 00:00:00,150427844.64619517
2021-10-28 00:00:00,155878118.1667677
2021-10-31 00:00:00,159871336.19848728
2021-11-03 00:00:00,157794954.1316647
2021-11-06 00:00:00,159797397.10008076
2021-11-08 23:00:00,162888098.87011817
2021-11-11 23:00:00,162426659.4965484
2021-11-14 23:00:00,161753319.40522012
2021-11-17 23:00:00,167149669.97568625
2021-11-20 23:00:00,166066724.20991844
2021-11-23 23:00:00,157799323.12299913
2021-11-26 23:00:00,156028106.23080215
2021-11-29 23:00:00,156604781.32573074
2021-12-02 23:00:00,156707914.0770192
2021-12-05 23:00:00,167815674.28599623
2021-12-08 23:00:00,180504950.22444588
2021-12-11 23:00:00,180450982.45005217
2021-12-14 23:00:00,176123588.11096406
2021-12-17 23:00:00,168465544.6966373
2021-12-20 23:00:00,167354661.33481413
2021-12-23 23:00:00,177148517.28561953
2021-12-26 23:00:00,178302007.20415702
2021-12-29 23:00:00,174068259.95508352
2022-01-01 23:00:00,172541536.0396956
2022-01-04 23:00:00,177540241.8790075
2022-01-07 23:00:00,181504732.7170824
2022-01-10 23:00:00,174363600.71349812
2022-01-13 23:00:00,180388266.9640267
2022-01-16 23:00:00,193499041.2223978
2022-01-19 23:00:00,198864399.25271472
2022-01-22 23:00:00,191300712.3087483
2022-01-25 23:00:00,193426935.944432
2022-01-28 23:00:00,187692057.6444812
2022-01-31 23:00:00,190151731.7869996
2022-02-03 23:00:00,197909165.6210961
2022-02-06 23:00:00,189714890.12531072
2022-02-09 23:00:00,186075335.0385428
2022-02-12 23:00:00,201293483.93231252
2022-02-15 23:00:00,208875159.40998912
2022-02-18 23:00:00,214208889.7646832
2022-02-21 23:00:00,202437880.40399176
2022-02-24 23:00:00,195430088.29567224
2022-02-27 23:00:00,189074638.26979667
2022-03-02 23:00:00,194437049.22912917
2022-03-05 23:00:00,197313706.5635507
2022-03-08 23:00:00,191084575.56227192
2022-03-11 23:00:00,189973991.09227344
2022-03-15 00:00:00,201321562.13589025
2022-03-18 00:00:00,205592535.95527083
2022-03-21 00:00:00,206648709.46885267
2022-03-24 00:00:00,206338814.92802444
2022-03-27 00:00:00,206846724.75080985
2022-03-30 00:00:00,203922407.24726397
2022-04-02 00:00:00,200055608.6937025
2022-04-05 00:00:00,199831771.35150808
2022-04-08 00:00:00,204228810.4583426
2022-04-11 00:00:00,206664939.410132
2022-04-14 00:00:00,201995692.25253567
2022-04-17 00:00:00,202030821.9594844
2022-04-20 00:00:00,199524647.62317377
2022-04-23 00:00:00,204654855.3458653
2022-04-26 00:00:00,217282921.83635452
2022-04-29 00:00:00,217205475.8142033
2022-05-02 00:00:00,222006266.70131093
2022-05-05 00:00:00,223221125.2327668
2022-05-08 00:00:00,225336965.2823664
2022-05-11 00:00:00,222405823.2016665
2022-05-14 00:00:00,224124125.5157015
2022-05-17 00:00:00,223040112.45069075
2022-05-20 00:00:00,217933951.85147908
2022-05-23 00:00:00,211276091.81528312
2022-05-26 00:00:00,206058024.37013596
2022-05-29 00:00:00,211274193.34738085
2022-06-01 00:00:00,217388515.3323396
2022-06-04 00:00:00,212527786.45089927
2022-06-07 00:00:00,209130738.91522053
2022-06-10 00:00:00,226569564.11309776
2022-06-13 00:00:00,227742430.28560156
2022-06-16 00:00:00,218926817.1295411
2022-06-19 00:00:00,205163245.1292556
2022-06-22 00:00:00,207098747.4417957
2022-06-25 00:00:00,209415032.50849795
2022-06-28 00:00:00,208122956.69561455
2022-07-01 00:00:00,214611394.1624176
2022-07-04 00:00:00,216501318.3771552
2022-07-07 00:00:00,207051697.30346757
2022-07-10 00:00:00,204913526.098668
2022-07-13 00:00:00,205957831.904181
2022-07-16 00:00:00,193984899.91383395
2022-07-19 00:00:00,192535706.42461643
2022-07-22 00:00:00,195940740.74745545
2022-07-25 00:00:00,197350729.2216937
2022-07-28 00:00:00,207414031.52091783
2022-07-31 00:00:00,204524174.398568
2022-08-03 00:00:00,201377648.63859004
2022-08-06 00:00:00,197183586.16781405
2022-08-09 00:00:00,208015065.72776815
2022-08-12 00:00:00,209085147.63459492
2022-08-15 00:00:00,200281562.47103304
2022-08-18 00:00:00,197680503.21816245
2022-08-21 00:00:00,205797516.6853986
2022-08-24 00:00:00,213782300.8189288
2022-08-27 00:00:00,220062436.44399637
2022-08-30 00:00:00,224693210.49542537
2022-09-02 00:00:00,223038282.22668257
2022-09-05 00:00:00,223665601.19640848
2022-09-08 00:00:00,225042111.4337651
2022-09-11 00:00:00,228781814.1653135
2022-09-14 00:00:00,231125783.80316097
2022-09-17 00:00:00,230215892.75063857
2022-09-20 00:00:00,225080869.65342325
2022-09-23 00:00:00,228251773.5375356
2022-09-26 00:00:00,222790115.94541103
2022-09-29 00:00:00,223489276.66114253
2022-10-02 00:00:00,240207537.6104124
2022-10-05 00:00:00,248825712.31721595
